,open,high,low,close,volume,rsi,atr,sma_20,swing_high,swing_low,structure,liq_above,liq_below,fvg_bull,fvg_bear,body_size,range_size,ob_bull,ob_bear,signal,equity
2023-01-01 19:00:00,99.19453298899948,99.29063718145778,99.00390757993672,99.19453298899948,6454,30.7639807937757,0.6238572656617914,100.67327673957035,False,False,ranging,True,True,False,False,0.0,0.28672960152105986,False,False,-1,100000
2023-01-01 20:00:00,98.62961150846537,98.75686129238595,98.25783399000933,98.62961150846537,5117,27.835718892975933,0.6777619278869155,100.60475731499363,False,False,ranging,True,True,False,False,0.0,0.49902730237661785,False,False,0,100000
2023-01-01 21:00:00,99.215871016034,99.37272166244465,99.1978912269541,99.215871016034,9869,27.167487651942267,0.6665381465846301,100.5556165827351,False,False,ranging,True,True,False,False,0.0,0.17483043549054855,False,False,0,100000
2023-01-01 22:00:00,99.12556049583938,99.29767049702096,99.04234741445192,99.12556049583938,3028,21.87610950514508,0.6492379787562937,100.50472561049028,False,False,ranging,True,True,False,False,0.0,0.2553230825690349,False,False,0,100000
2023-01-01 23:00:00,99.15257177771456,99.15987815539285,98.74437419896296,99.15257177771456,7845,23.24935439028846,0.642299724563748,100.4422314315772,False,False,ranging,True,True,False,False,0.0,0.41550395642988747,False,False,0,100000
2023-01-02 00:00:00,98.58267250322918,99.22535361081273,98.19002638349345,98.58267250322918,4758,17.122325892022232,0.6846915547468301,100.32078169181167,False,False,ranging,True,True,False,False,0.0,1.0353272273192857,False,False,0,100000
2023-01-02 01:00:00,98.3649194134191,98.88318236444931,97.45906576667285,98.3649194134191,6904,17.009467936757346,0.7237365846593643,100.19312736505012,False,False,ranging,True,True,False,False,0.0,1.424116597776461,False,False,0,100000
2023-01-02 02:00:00,98.40928844930305,98.54018555020525,98.35413358587694,98.40928844930305,5624,18.44525801071177,0.7073753438972464,100.07237422922174,False,False,ranging,True,True,False,False,0.0,0.18605196432831406,False,False,0,100000
2023-01-02 03:00:00,97.94889101833412,97.96029206178459,97.40873766388087,97.94889101833412,9848,15.254427029072772,0.7178917595185611,99.89701696553479,False,False,ranging,True,True,False,False,0.0,0.5515543979037147,False,False,0,100000
2023-01-02 04:00:00,98.0991702256724,98.13517962368788,97.72748631979056,98.0991702256724,1165,20.65469816438241,0.6722067792115283,99.71382496763167,False,False,ranging,True,True,False,False,0.0,0.40769330389731806,False,False,0,100000
2023-01-02 05:00:00,97.85891474970488,98.04297014152401,97.79601692512249,97.85891474970488,5591,22.936692662556183,0.6268027588518977,99.52800968364889,False,False,ranging,True,True,False,False,0.0,0.246953216401522,False,False,0,100000
2023-01-02 06:00:00,97.74223724978756,98.04907501934709,97.59474639409795,97.74223724978756,1589,23.56327040270503,0.6390360282748192,99.32550932379851,False,False,ranging,True,True,False,False,0.0,0.45432862524913276,False,False,0,100000
2023-01-02 07:00:00,97.5015546048958,97.5787675661228,97.2594178259046,97.5015546048958,5524,24.58361157235865,0.6389169228002477,99.1202431855598,False,False,ranging,True,True,False,False,0.0,0.3193497402182004,False,False,0,100000
2023-01-02 08:00:00,98.24246587869938,98.74304110086265,97.95040201878804,98.24246587869938,3821,35.097491362743,0.6742856396880005,98.96133720608267,False,False,ranging,True,True,False,False,0.0,0.792639082074615,False,False,-1,100000
2023-01-02 09:00:00,98.2370669888042,98.35683392558579,98.09415965799734,98.2370669888042,7509,38.19437601412902,0.6534884417106578,98.79732203667945,False,False,ranging,True,True,False,False,0.0,0.26267426758845147,False,False,-1,100000
2023-01-02 10:00:00,97.81398261722184,98.00814139913267,97.66234156947185,97.81398261722184,8693,39.5787304980663,0.627633186020815,98.65041825359029,False,False,ranging,True,True,False,False,0.0,0.34579982966081957,False,False,-1,100000
2023-01-02 11:00:00,98.14300058206311,98.28795652075293,97.82493760981345,98.14300058206311,1071,35.32745678828826,0.6084091681316589,98.55446372539345,False,False,ranging,True,True,False,False,0.0,0.463018910939482,False,False,-1,100000
2023-01-02 12:00:00,97.6546631220747,98.12685915106171,96.82676511040137,97.6546631220747,4580,31.859025676715248,0.6841886244954237,98.445338074782,False,False,ranging,True,True,False,False,0.0,1.3000940406603405,False,False,-1,100000
2023-01-02 13:00:00,97.7382085600766,98.1059382589773,97.62048376992297,97.7382085600766,8962,32.79618424062872,0.6891850911114555,98.36064631847734,False,False,ranging,True,True,False,False,0.0,0.48545448905433375,False,False,-1,100000
2023-01-02 14:00:00,96.95434051052469,97.39365297458764,96.80165142281244,96.95434051052469,1268,31.173515013547103,0.6821300846789465,98.23047621304316,False,False,ranging,True,True,False,False,0.0,0.5920015517751978,False,False,-1,100000
2023-01-02 15:00:00,96.42306609096532,96.4904016365333,96.41539379730773,96.42306609096532,3462,29.06628066209602,0.6189036643532678,98.09190286814147,False,False,ranging,True,True,False,False,0.0,0.0750078392255773,False,False,0,100000
2023-01-02 16:00:00,96.50181058531297,96.81594007609661,95.97108781384622,96.50181058531297,2015,29.588140986814892,0.6659608284905586,97.98551282198383,False,False,ranging,True,True,False,False,0.0,0.8448522622503845,False,False,0,100000
2023-01-02 17:00:00,96.79719721731114,97.3023755247485,96.58878327798442,96.79719721731114,8984,37.22459184827644,0.6516761252057981,97.8645791320477,False,False,ranging,True,True,False,False,0.0,0.7135922467640796,False,False,-1,100000
2023-01-02 18:00:00,96.86574452978712,97.0034098086478,96.7429597983532,96.86574452978712,1406,36.06529138818788,0.6411587470913186,97.75158833374509,False,False,ranging,True,True,False,False,0.0,0.2604500102946048,False,False,-1,100000
2023-01-02 19:00:00,96.81948521683182,97.14308946686121,96.66225869745145,96.81948521683182,8384,37.71863851043977,0.6538499948670226,97.63493400570096,False,False,ranging,True,True,False,False,0.0,0.48083076940976355,False,False,-1,100000
2023-01-02 20:00:00,96.6990437385961,96.71059627944632,96.65333727698598,96.6990437385961,7049,37.685118938678066,0.6332656601953589,97.5407525674693,False,False,ranging,True,True,False,False,0.0,0.057259002460341435,False,False,-1,100000
2023-01-02 21:00:00,96.10763494244914,96.15942313243139,95.86090896273448,96.10763494244914,7169,34.80319444733877,0.6586453281938347,97.4278883439208,False,False,ranging,True,True,False,False,0.0,0.2985141696969009,False,False,-1,100000
2023-01-02 22:00:00,95.81969725909126,96.08479524033726,95.48338805889391,95.81969725909126,8982,20.691740522518757,0.6145567844501473,97.29840878441021,False,False,ranging,True,True,False,False,0.0,0.6014071814433493,False,False,0,100000
2023-01-02 23:00:00,95.63544175070734,95.83113861423136,95.63537963123188,95.63544175070734,1985,19.833493477293473,0.6097771212652207,97.18273632102887,False,False,ranging,True,True,False,False,0.0,0.1957589829994788,False,False,0,100000
2023-01-03 00:00:00,96.05829064119492,96.53120828829019,96.05550054485333,96.05829064119492,5485,29.641193087850326,0.6327086297116844,97.08069234180499,False,False,ranging,True,True,False,False,0.0,0.47570774343685684,False,False,0,100000
2023-01-03 01:00:00,96.1957379570223,96.63870006194007,96.09736954206842,96.1957379570223,9901,26.369908673412652,0.6403111666555462,96.99753350217085,False,False,ranging,True,True,False,False,0.0,0.54133051987165,False,False,0,100000
2023-01-03 02:00:00,95.4905218948772,95.90454930112143,95.44396468971951,95.4905218948772,3618,25.051294482940165,0.5999924377727643,96.88494773442534,False,False,ranging,True,True,False,False,0.0,0.4605846114019272,False,False,0,100000
2023-01-03 03:00:00,95.62015548263513,95.80782429308799,95.37262600323484,95.62015548263513,7289,25.839347129445628,0.5964027092583939,96.7908777783123,False,False,ranging,True,True,False,False,0.0,0.43519828985314746,False,False,0,100000
2023-01-03 04:00:00,95.4661225704686,95.58486363049983,95.20598350575533,95.4661225704686,7928,30.17525046210484,0.5590894835166539,96.65206061290078,False,False,ranging,True,True,False,False,0.0,0.37888012474449795,False,False,-1,100000
2023-01-03 05:00:00,95.19535377034622,95.34356282623104,94.99791882362364,95.19535377034622,6368,32.425746476762924,0.5540364144900829,96.49997495197788,False,True,bearish,True,True,False,False,0.0,0.3456440026074006,False,False,-1,100000
2023-01-03 06:00:00,95.44002428588256,95.51822641562973,95.34890647724956,95.44002428588256,5621,35.49018264914832,0.5167521561353061,96.38127703541092,False,False,ranging,True,True,False,False,0.0,0.1693199383801698,False,False,-1,100000
2023-01-03 07:00:00,95.85242409488094,96.01751564103458,95.44866281783898,95.85242409488094,8566,37.489325285151196,0.5008183286864839,96.2667482110518,False,False,ranging,True,True,False,False,0.0,0.5688528231955985,False,False,-1,100000
2023-01-03 08:00:00,96.22493614252743,96.42642315290884,95.97915878461097,96.22493614252743,5670,42.14663405003337,0.5232146892388617,96.19526186207443,False,False,ranging,True,True,False,False,0.0,0.44726436829786564,False,False,1,100000
2023-01-03 09:00:00,95.88924913323837,95.89691535453579,95.74638287117497,95.88924913323837,8658,39.35476493727243,0.5230520108061967,96.10281389073252,False,False,ranging,True,True,False,False,0.0,0.15053248336081992,False,False,-1,100000
2023-01-03 10:00:00,95.76556418289788,96.11738288867569,95.50324742868406,95.76556418289788,2003,39.32557203418362,0.5550511193880386,96.04337507435119,False,False,ranging,True,True,False,False,0.0,0.6141354599916298,False,False,-1,100000
2023-01-03 11:00:00,95.8980695554593,96.06114960183763,95.81930115675873,95.8980695554593,8504,47.32260115864768,0.5162975938936195,96.01712524757588,False,False,ranging,True,True,False,False,0.0,0.2418484450789009,False,False,-1,100000
2023-01-03 12:00:00,96.28828760630824,96.39947190593408,96.23021063289798,96.28828760630824,3466,55.83421628786926,0.5075229843878729,96.00644909862565,False,False,ranging,True,True,False,False,0.0,0.16926127303609917,False,False,1,100000
2023-01-03 13:00:00,96.09661791117013,96.32812752436463,95.84134852251974,96.09661791117013,2939,55.73132417956209,0.5283101285911168,95.9714201333186,False,False,ranging,True,True,False,False,0.0,0.4867790018448943,False,False,1,100000
2023-01-03 14:00:00,96.0223543205046,96.87691710669363,95.98114278398478,96.0223543205046,2635,49.511031844174354,0.5283106846715455,95.92925062285448,True,False,bullish,True,True,False,False,0.0,0.8957743227088457,False,False,1,100000
2023-01-03 15:00:00,95.5798203309022,95.92445004101383,95.46268087592352,95.5798203309022,9095,42.26194552023528,0.5268295435169686,95.86726737855798,False,False,ranging,True,True,False,False,0.0,0.46176916509030264,False,False,-1,100000
2023-01-03 16:00:00,95.10133768126992,95.62325181490336,95.07037115539018,95.10133768126992,7265,44.81511214107685,0.5126229286748532,95.78738207569168,False,True,bearish,True,True,False,False,0.0,0.5528806595131783,False,False,-1,100000
2023-01-03 17:00:00,95.4263480102276,95.53508029264854,95.34673930540771,95.4263480102276,2895,47.54577141760689,0.5125189516409583,95.7533177290806,False,False,ranging,True,True,False,False,0.0,0.18834098724083503,False,False,-1,100000
2023-01-03 18:00:00,95.96884402165593,96.30474499004377,95.79401642437246,95.96884402165593,7524,55.79585791938868,0.5456778804221278,95.76077506720884,False,False,ranging,True,True,False,False,0.0,0.5107285656713145,False,False,1,100000
2023-01-03 19:00:00,95.94003997302379,96.32844441574005,95.20839482554086,95.94003997302379,2073,59.09276514173198,0.5922382978045724,95.77600497832466,False,False,ranging,True,True,False,False,0.0,1.1200495901991872,False,False,1,100000
2023-01-03 20:00:00,96.34145313218059,96.68970116839415,96.3011693835247,96.34145313218059,6184,60.60085301753051,0.6227231942393477,95.79016310287395,False,False,ranging,False,False,False,False,0.0,0.38853178486945694,False,False,0,100000
2023-01-03 21:00:00,96.48610754219965,96.62641790259322,96.05928310136967,96.48610754219965,3402,57.952983637871775,0.6219834403873138,95.80468158213282,False,False,ranging,False,False,False,False,0.0,0.5671348012235455,False,False,0,100000
2023-01-03 22:00:00,96.2280596403576,96.33201080487682,95.95019501968513,96.2280596403576,5895,50.0403607843872,0.6192629735649301,95.84155846940683,False,False,ranging,False,False,False,False,0.0,0.3818157851916908,False,False,0,100000
2023-01-03 23:00:00,96.37261788256096,96.38669405622471,96.08299863718361,96.37261788256096,8331,56.570469747289266,0.6067731269712624,95.87918158940312,False,False,ranging,False,False,False,False,0.0,0.3036954190411052,False,False,0,100000
2023-01-04 00:00:00,96.98783250914735,97.1309447573143,96.61699329260549,96.98783250914735,2956,64.65594511772619,0.6170725137399558,95.95526708633706,False,False,ranging,False,False,False,False,0.0,0.5139514647088106,False,False,0,100000
2023-01-04 01:00:00,96.97350209350337,96.99654866082145,96.94690481621494,96.97350209350337,8023,63.27138364613615,0.5995052584304383,96.04417450249493,False,False,ranging,False,False,False,False,0.0,0.04964384460650706,False,False,0,100000
2023-01-04 02:00:00,97.59935955582897,97.98425722308554,97.54016484360729,97.59935955582897,4907,65.29005175807805,0.6358875997952518,96.15214126599224,True,False,bullish,False,False,False,False,0.0,0.4440923794782492,False,False,0,100000
2023-01-04 03:00:00,96.55146151419306,96.8503415600272,96.36616594556276,96.55146151419306,1807,54.421482121661136,0.689202928968203,96.18709313695784,False,False,ranging,False,False,False,False,0.0,0.4841756144644478,False,False,0,100000
2023-01-04 04:00:00,96.88022251594316,97.02834949089156,96.78540065913505,96.88022251594316,9378,57.94607536412252,0.6592824756817492,96.21985745562863,False,False,ranging,False,False,False,False,0.0,0.2429488317565074,False,False,0,100000
2023-01-04 05:00:00,96.91504134323843,97.38201591283635,96.73030999830709,96.91504134323843,5827,63.37803742231629,0.6658562235351907,96.27114706612863,False,False,ranging,False,False,False,False,0.0,0.6517059145292592,False,False,0,100000
2023-01-04 06:00:00,96.79543840305207,96.92387295134185,96.43427307190143,96.79543840305207,5524,68.28902774228062,0.6613361678157078,96.32264077713634,False,False,ranging,False,False,False,False,0.0,0.48959987944041927,False,False,0,100000
2023-01-04 07:00:00,96.83214271366627,97.28237065085656,96.79030883096198,96.83214271366627,3284,66.18400255236806,0.6655018255668484,96.3693444350467,False,False,ranging,False,False,False,False,0.0,0.4920618198945874,False,False,0,100000
2023-01-04 08:00:00,96.03711514782592,96.29218167045997,95.90205836837049,96.03711514782592,6313,50.74277292736186,0.6691937802439634,96.35678581212258,False,False,ranging,False,False,False,False,0.0,0.3901233020894779,False,False,0,100000
2023-01-04 09:00:00,95.94924639269091,96.05384203301327,95.94908800503393,95.94924639269091,1757,50.09889257764989,0.5966726686568313,96.34941723619862,False,False,ranging,False,False,False,False,0.0,0.10475402797933953,False,False,0,100000
2023-01-04 10:00:00,96.0920914212956,96.19686873259114,95.91172939661688,96.0920914212956,5887,47.163888076238116,0.5634925358428242,96.35290409123817,False,False,ranging,False,False,False,False,0.0,0.28513933597426444,False,False,0,100000
2023-01-04 11:00:00,96.68324903919222,96.77973955455744,96.25009259435215,96.68324903919222,4854,52.03545328679997,0.572100630988416,96.40807552665267,False,False,ranging,False,False,False,False,0.0,0.5296469602052838,False,False,0,100000
2023-01-04 12:00:00,96.47594095188276,97.09896534695102,95.78708666594159,96.47594095188276,4558,52.58643308382677,0.6275267851666239,96.47680569018331,False,False,ranging,False,False,False,False,0.0,1.311878681009432,False,False,0,100000
2023-01-04 13:00:00,96.1525435107255,96.26712414639496,95.98738245587802,96.1525435107255,1961,47.786324931369776,0.6407312906640266,96.5131154652082,False,False,ranging,False,False,False,False,0.0,0.27974169051694275,False,False,0,100000
2023-01-04 14:00:00,95.95184069329167,96.080853187449,95.58562696551742,95.95184069329167,4847,38.63116682111554,0.6270591242679363,96.51226529879,False,True,bearish,False,False,False,False,0.0,0.4952262219315742,False,False,0,100000
2023-01-04 15:00:00,96.3180015403725,96.62708657658206,96.16555948107832,96.3180015403725,7726,43.32227218083113,0.6717449841739277,96.53116337715743,False,False,ranging,False,False,False,False,0.0,0.46152709550374027,False,False,0,100000
2023-01-04 16:00:00,96.44950198423638,96.52113873194433,96.40516788859114,96.44950198423638,4575,36.97415348674441,0.6140579886017606,96.53656581976023,False,False,ranging,False,False,False,False,0.0,0.11597084335319607,False,False,0,100000
2023-01-04 17:00:00,96.23759790272956,96.31531054647577,96.10162338002266,96.23759790272956,3418,45.613685210578716,0.550821202455154,96.5241403377867,False,False,ranging,False,False,False,False,0.0,0.2136871664531128,False,False,0,100000
2023-01-04 18:00:00,96.4429048759749,96.5018098307004,96.00716461563368,96.4429048759749,5198,43.669963326313024,0.5520895766243125,96.53488259956758,False,False,ranging,False,False,False,False,0.0,0.49464521506671133,False,False,0,100000
2023-01-04 19:00:00,96.48173589571412,96.50321627353834,96.38371246633342,96.48173589571412,2001,43.73531502390403,0.5140751403868598,96.54033850022525,False,False,ranging,False,False,False,False,0.0,0.11950380720492149,False,False,0,100000
2023-01-04 20:00:00,96.86919389192728,96.88036056288023,96.77905158404403,96.86919389192728,6244,50.989694911635,0.5075769109386944,96.53440656936422,False,False,ranging,False,False,False,False,0.0,0.10130897883620094,False,False,0,100000
2023-01-04 21:00:00,96.58837265437634,96.80666151746743,96.40171051116332,96.58837265437634,8119,46.93007230381722,0.50582130814365,96.51515009740788,False,False,ranging,False,False,False,False,0.0,0.40495100630411685,False,False,0,100000
2023-01-04 22:00:00,96.45730779573724,96.47289156147943,96.115657860403,96.45730779573724,5066,56.354371812143704,0.47315205447776115,96.4580475094033,False,False,ranging,False,False,False,False,0.0,0.3572337010764244,False,False,0,100000
2023-01-04 23:00:00,96.30046453448438,96.52025655764905,95.98873099825829,96.30046453448438,3845,55.202766623757725,0.5036357352928624,96.44549766041787,False,False,ranging,False,False,False,False,0.0,0.531525559390758,False,False,0,100000
2023-01-05 00:00:00,95.71505855523154,95.73927352926411,95.6923292692709,95.71505855523154,9849,45.062252110287766,0.5267068730956633,96.38723946238228,False,False,ranging,False,False,False,False,0.0,0.046944259993210835,False,False,0,100000
2023-01-05 01:00:00,95.83350666605736,95.85709722315218,95.63236248088499,95.83350666605736,6316,37.298901817894006,0.4936416308817603,96.33316272852322,False,False,ranging,False,False,False,False,0.0,0.22473474226718793,False,False,0,100000
2023-01-05 02:00:00,95.93792877492932,96.53738898028895,95.61637160501728,95.93792877492932,1422,41.70314863576401,0.4657229661862061,96.29028724711709,False,False,ranging,False,False,False,False,0.0,0.9210173752716742,False,False,0,100000
2023-01-05 03:00:00,95.9399741575863,96.21487245999705,95.47384652778149,95.9399741575863,7715,46.36125418675268,0.48375635448697907,96.2456788193131,False,False,ranging,False,False,False,False,0.0,0.7410259322155639,False,False,0,100000
2023-01-05 04:00:00,95.84613930423625,95.95008584700564,95.60077240682874,95.84613930423625,5266,48.1218973373757,0.468213275556181,96.23613002713361,False,False,ranging,False,False,False,False,0.0,0.3493134401768998,False,False,0,100000
2023-01-05 05:00:00,95.27999100741609,95.57939404037398,95.16706814958683,95.27999100741609,8549,32.780381292711965,0.4684865092246834,96.20266725786988,False,False,ranging,False,False,False,False,0.0,0.41232589078715876,False,False,0,100000
2023-01-05 06:00:00,95.11173287830994,95.98060949176805,94.84111741200269,95.11173287830994,7316,28.0750542943197,0.5353690012385073,96.15364933072058,False,False,ranging,False,False,False,False,0.0,1.1394920797653612,False,False,0,100000
2023-01-05 07:00:00,94.97464707169922,95.60115948313344,94.71374814731682,94.97464707169922,3710,28.78088274575721,0.5739070534958576,96.06821923234594,False,False,ranging,False,False,False,False,0.0,0.8874113358166227,False,False,0,100000
2023-01-05 08:00:00,94.65373616401058,94.69561305245713,94.31610572868615,94.65373616401058,9644,21.06382660047582,0.5856139197777404,95.97710899295232,False,False,ranging,False,False,False,False,0.0,0.37950732377098007,False,False,0,100000
2023-01-05 09:00:00,94.58922187934418,94.92167672436544,94.23239831148398,94.58922187934418,9069,19.644603279146665,0.6263121058974933,95.89894291138326,False,True,bearish,False,False,False,False,0.0,0.689278412881464,False,False,0,100000
2023-01-05 10:00:00,94.75084222206999,95.06281400020765,94.2580403360932,94.75084222206999,2657,13.368361191541041,0.655322748536661,95.83889298782216,False,False,ranging,False,False,False,False,0.0,0.8047736641144496,False,False,0,100000
2023-01-05 11:00:00,95.5053165825542,95.68914875407297,95.23513036215984,95.5053165825542,3541,33.907408747783364,0.6889529736251622,95.79825873993126,False,False,ranging,False,False,False,False,0.0,0.454018391913138,False,False,0,100000
2023-01-05 12:00:00,95.57514770768694,95.89117237663903,95.38363013000442,95.57514770768694,7763,36.64948513671943,0.6914406488152532,95.7545410261038,False,False,ranging,False,False,False,False,0.0,0.507542246634614,False,False,0,100000
2023-01-05 13:00:00,95.67816786397604,95.86529855218478,95.57958232125135,95.67816786397604,4075,40.426263526283265,0.6741995977514738,95.72656952416612,False,False,ranging,False,False,False,False,0.0,0.28571623093343135,False,False,0,100000
2023-01-05 14:00:00,95.64838949766957,96.2225989038296,95.46743326834486,95.64838949766957,4164,48.76281825671722,0.6847017670565643,95.68684375525085,False,False,ranging,False,False,False,False,0.0,0.7551656354847438,False,False,0,100000
2023-01-05 15:00:00,94.88088101154996,94.93808573177897,94.7176468109157,94.88088101154996,3053,35.75386334829963,0.7351309059484704,95.60680101104263,False,False,ranging,False,False,False,False,0.0,0.22043892086327332,False,False,0,100000
2023-01-05 16:00:00,94.87027546137027,94.9355053233242,94.82143758954858,94.87027546137027,9479,33.57272479527036,0.6774916458416088,95.5068550895148,False,False,ranging,False,False,False,False,0.0,0.11406773377561308,False,False,0,100000
2023-01-05 17:00:00,94.89436754534668,95.1553878645533,94.88209179272796,94.89436754534668,6737,34.020354473345165,0.6449263937678568,95.4221548340633,False,False,ranging,False,False,False,False,0.0,0.2732960718253423,False,False,0,100000
2023-01-05 18:00:00,95.87966439034079,96.02836895673258,95.57900815360635,95.87966439034079,4217,50.402641370759625,0.7009755345684994,95.39327266379348,False,False,ranging,False,False,False,False,0.0,0.4493608031262255,False,False,0,100000
2023-01-05 19:00:00,95.80272000442834,95.84784567597141,95.5804727008023,95.80272000442834,2447,57.114009467932284,0.6738412870605757,95.36838543729067,False,False,ranging,False,False,False,False,0.0,0.26737297516910985,False,False,0,100000
2023-01-05 20:00:00,95.92333894136178,96.03282724210165,95.7693748714203,95.92333894136178,7009,61.19054816817484,0.6112670221260034,95.37879945659719,False,False,ranging,False,False,False,False,0.0,0.26345237068134963,False,False,0,100000
2023-01-05 21:00:00,95.90945423347968,96.63047890905116,95.84087425887768,95.90945423347968,1607,63.34256826624794,0.6042808302943509,95.38259683496831,False,False,ranging,False,False,False,False,0.0,0.7896046501734872,False,False,0,100000
2023-01-05 22:00:00,95.44198301843187,95.45926865754194,95.14367820604932,95.44198301843187,5552,60.79890553590392,0.6119404506098718,95.35779954714344,False,False,ranging,False,False,False,False,0.0,0.3155904514926249,False,False,0,100000
2023-01-05 23:00:00,95.89911214423788,95.95944185825236,95.13041204659928,95.89911214423788,2764,66.20238655233646,0.6219226933792734,95.35575644647601,False,False,ranging,False,False,False,False,0.0,0.8290298116530863,False,False,0,100000
2023-01-06 00:00:00,96.19988535731258,96.51508167611486,96.14257702853253,96.19988535731258,3671,67.32713013142515,0.6084366839337402,95.37344374912983,False,False,ranging,False,False,False,False,0.0,0.3725046475823319,False,False,0,100000
2023-01-06 01:00:00,96.5162981361298,96.8479559160172,95.79251350964593,96.5162981361298,7519,63.503639369715955,0.6168035321029036,95.4352591055655,False,False,ranging,False,False,False,False,0.0,1.0554424063712702,False,False,0,100000
2023-01-06 02:00:00,96.15254315421191,96.50865224588003,95.91716186784251,96.15254315421191,4962,57.150778459761945,0.6233459622209523,95.48729961936061,False,False,ranging,False,False,False,False,0.0,0.5914903780375198,False,False,0,100000
2023-01-06 03:00:00,96.71366087858635,96.9052799451951,96.70788276466604,96.71366087858635,4177,61.517280846089974,0.6563878155413343,95.57425030970496,False,False,ranging,False,False,False,False,0.0,0.19739718052906596,False,False,0,100000
2023-01-06 04:00:00,96.15292045346943,96.49582192728857,96.07405320470696,96.15292045346943,4722,55.01885970546238,0.6481336754266666,95.6492095241779,False,False,ranging,False,False,False,False,0.0,0.4217687225816178,False,False,0,100000
2023-01-06 05:00:00,96.38766329098954,96.87769275067987,96.38092352314592,96.38766329098954,5906,66.76592678929237,0.6334215047449925,95.73913159476018,False,False,ranging,False,False,False,False,0.0,0.4967692275339459,False,False,0,100000
2023-01-06 06:00:00,97.26384554131353,97.60774915921914,97.09970980676097,97.26384554131353,8263,72.33157252975806,0.7124228000631346,95.86478176072237,True,False,bullish,False,False,False,False,0.0,0.5080393524581694,False,False,0,100000
2023-01-06 07:00:00,96.86763101126125,96.95842165083296,96.5133871666686,96.86763101126125,6054,67.21484645022855,0.7456617980246989,95.9328974821577,False,False,ranging,False,False,False,False,0.0,0.445034484164367,False,False,0,100000
2023-01-06 08:00:00,96.64111191942014,96.86739467442595,96.30681541101949,96.64111191942014,1808,57.65657696285836,0.7047199543715469,95.98619569274436,False,False,ranging,False,False,False,False,0.0,0.560579263406467,False,False,0,100000
2023-01-06 09:00:00,96.6809724654552,96.7002139694331,96.46635807082282,96.6809724654552,1725,58.89743973383907,0.7000531121623885,96.03633592281832,False,False,ranging,False,False,False,False,0.0,0.23385589861027256,False,False,0,100000
2023-01-06 10:00:00,96.47958220380872,96.57821092689976,96.26412648609634,96.47958220380872,8701,55.544475521510925,0.711009798496496,96.07789555812528,False,False,ranging,False,False,False,False,0.0,0.3140844408034127,False,False,0,100000
2023-01-06 11:00:00,95.85931683138226,95.95572399601734,95.72777410973934,95.85931683138226,2216,49.5541419380097,0.7083100444890594,96.12681734911689,False,False,ranging,False,False,False,False,0.0,0.2279498862779974,False,False,0,100000
2023-01-06 12:00:00,95.88674202130467,96.01331824757526,95.88085702399647,95.88674202130467,5051,54.2909461815652,0.6646118579721048,96.17764067711362,False,False,ranging,False,False,False,False,0.0,0.13246122357878676,False,False,0,100000
2023-01-06 13:00:00,95.46182053581423,95.94593391653181,95.25996216502418,95.46182053581423,3197,45.75471475596645,0.6543934251045727,96.206013326637,False,False,ranging,False,False,False,False,0.0,0.6859717515076369,False,False,0,100000
2023-01-06 14:00:00,95.6512575080683,95.7873177985225,95.47371326794588,95.6512575080683,3806,44.55616647625826,0.6336454058782357,96.19459298252337,False,False,ranging,False,False,False,False,0.0,0.31360453057661175,False,False,0,100000
2023-01-06 15:00:00,95.28348781437478,95.35673480496197,95.17727560109248,95.28348781437478,9970,37.89069107615148,0.5921125130642751,96.1686313730207,False,False,ranging,False,False,False,False,0.0,0.17945920386949865,False,False,0,100000
2023-01-06 16:00:00,95.9034615763818,96.19268772686831,95.73138104451273,95.9034615763818,1972,47.67063709018594,0.6142599162218636,96.1676375047717,False,False,ranging,False,False,False,False,0.0,0.46130668235558403,False,False,0,100000
2023-01-06 17:00:00,95.5901602594473,95.9470014061247,95.5596033708687,95.5901602594473,6634,38.982574164606454,0.5881642908127783,96.15167280607008,False,False,ranging,False,False,False,False,0.0,0.38739803525599825,False,False,0,100000
2023-01-06 18:00:00,95.46133565296503,95.82961799750613,94.99662960751648,95.46133565296503,8483,42.59041887917039,0.6019771991063679,96.15264043779673,False,False,ranging,False,False,False,False,0.0,0.8329883899896515,False,False,0,100000
2023-01-06 19:00:00,95.78674253991291,95.96596256086787,95.41501041721673,95.78674253991291,3123,43.68447960223662,0.5895614738521319,96.14702195758049,False,False,ranging,False,False,False,False,0.0,0.5509521436511307,False,False,0,100000
2023-01-06 20:00:00,95.29439681333932,95.50474863603259,94.85413923361358,95.29439681333932,9790,27.485095088613832,0.5690270051428266,96.10174753038181,False,False,ranging,False,False,False,False,0.0,0.6506094024190077,False,False,0,100000
2023-01-06 21:00:00,95.38538078718096,95.47464983818897,95.33595253481,95.38538078718096,1224,31.78348789053753,0.5282980515860203,96.04520166293437,False,False,ranging,False,False,False,False,0.0,0.13869730337896158,False,False,0,100000
2023-01-06 22:00:00,95.90823788889394,96.32094993288742,95.89297157833713,95.90823788889394,2814,41.60465244053516,0.5550661619763549,96.03298639966849,True,False,bullish,False,False,False,False,0.0,0.4279783545502909,False,False,0,100000
2023-01-06 23:00:00,95.26524459506945,95.3102612711792,95.21324209575832,95.26524459506945,2106,35.75123179001716,0.5880047258710225,95.96056558549265,False,False,ranging,False,False,False,False,0.0,0.09701917542088268,False,False,0,100000
2023-01-07 00:00:00,95.33909813848237,95.37677107452383,95.26591217910982,95.33909813848237,1124,38.219013477364804,0.5661961901635603,95.91987446974329,False,False,ranging,False,False,False,False,0.0,0.11085889541401173,False,False,0,100000
2023-01-07 01:00:00,95.44305125618175,95.49497280346691,95.37609057979131,95.44305125618175,4246,45.186620232249055,0.5236295166575005,95.87264386800288,False,False,ranging,False,False,False,False,0.0,0.1188822236755982,False,False,0,100000
2023-01-07 02:00:00,95.75578040489268,95.76045411916712,95.30882137331206,95.75578040489268,3931,48.57939190423698,0.5448888973476481,95.79724061118185,False,False,ranging,False,False,False,False,0.0,0.45163274585506485,False,False,0,100000
2023-01-07 03:00:00,95.26100012054144,95.58988264661,94.78072892699848,95.26100012054144,3971,47.85412024890427,0.5655374492324025,95.71690906664585,False,False,ranging,False,False,False,False,0.0,0.8091537196115155,False,False,0,100000
2023-01-07 04:00:00,94.73281747530773,95.16483274008601,94.48426836787365,94.73281747530773,3017,40.84846302730409,0.5977684842295109,95.62149434444025,False,True,bearish,False,False,False,False,0.0,0.6805643722123591,False,False,0,100000
2023-01-07 05:00:00,94.94159410155449,95.41994562052197,94.91061767350978,94.94159410155449,8415,46.48182358259449,0.6129932155322554,95.53452542624521,False,False,ranging,False,False,False,False,0.0,0.5093279470121956,False,False,0,100000
2023-01-07 06:00:00,95.06038797084776,95.31447637534326,94.56743132750151,95.06038797084776,3415,40.3268041149803,0.6014107251999852,95.46356571459715,False,False,ranging,False,False,False,False,0.0,0.7470450478417519,False,False,0,100000
2023-01-07 07:00:00,95.1605851109861,95.458002815823,95.10782878965648,95.1605851109861,4096,44.817749989941724,0.602140497322788,95.42862912857736,False,False,ranging,False,False,False,False,0.0,0.3501740261665134,False,False,0,100000
2023-01-07 08:00:00,95.2991643947849,95.94518142886601,94.80072334506649,95.2991643947849,2609,48.048214134596925,0.6243883325949214,95.39925024725136,False,False,ranging,False,False,False,False,0.0,1.1444580837995204,False,False,0,100000
2023-01-07 09:00:00,95.0271545061535,95.21884303046035,95.02088855966471,95.0271545061535,1717,40.73907056905255,0.6049114534141395,95.37751694576832,False,False,ranging,False,False,False,False,0.0,0.19795447079563644,False,False,0,100000
2023-01-07 10:00:00,95.1200559850179,95.51698292304015,95.0508457133023,95.1200559850179,4561,47.64505573844392,0.5732846755989485,95.3509568696158,False,False,ranging,False,False,False,False,0.0,0.4661372097378518,False,False,0,100000
2023-01-07 11:00:00,95.23728497433737,95.72988952237829,94.85923554478559,95.23728497433737,7782,48.013649252457306,0.622599029366309,95.34864672761394,False,False,ranging,False,False,False,False,0.0,0.8706539775926956,False,False,0,100000
2023-01-07 12:00:00,94.95154440712682,95.25448953392961,94.76663598471498,94.95154440712682,2048,36.296616234617964,0.5906193439026077,95.30105086915118,False,False,ranging,False,False,False,False,0.0,0.4878535492146341,False,False,0,100000
2023-01-07 13:00:00,95.69785421158473,95.90429931513805,95.58529529748755,95.69785421158473,9307,56.01843679206541,0.6090307092508657,95.30643556675805,False,False,ranging,False,False,False,False,0.0,0.31900401765049935,False,False,0,100000
2023-01-07 14:00:00,95.88738737994944,96.56311812155273,95.79207285092258,95.88738737994944,8905,57.38990854887639,0.6628690971446959,95.32773815310728,False,False,ranging,False,False,False,False,0.0,0.7710452706301538,False,False,0,100000
2023-01-07 15:00:00,95.41086598106838,95.70539562716586,95.02637284256726,95.41086598106838,6578,49.60579331571064,0.7132362308873853,95.30894432516506,False,False,ranging,False,False,False,False,0.0,0.679022784598601,False,False,0,100000
2023-01-07 16:00:00,95.67348742452191,95.77093683957449,95.50618010630437,95.67348742452191,2620,48.97954642399998,0.7066960960767454,95.32789885572419,False,False,ranging,False,False,False,False,0.0,0.2647567332701186,False,False,0,100000
2023-01-07 17:00:00,95.28361475643098,96.03343647089305,94.95017736934987,95.28361475643098,7548,50.28791809334757,0.7144252120516725,95.32281055418669,False,False,ranging,False,False,False,False,0.0,1.0832591015431774,False,False,0,100000
2023-01-07 18:00:00,95.59844859792796,96.28573136970518,95.52449716439835,95.59844859792796,8381,61.653873581086586,0.7305241306664162,95.30732108963839,False,False,ranging,False,False,False,False,0.0,0.7612342053068204,False,False,0,100000
2023-01-07 19:00:00,96.06188682953092,96.47875856956,95.91242030498188,96.06188682953092,5780,64.11452241487979,0.7443228325534018,95.34715320136145,False,False,ranging,False,False,False,False,0.0,0.5663382645781212,False,False,0,100000
2023-01-07 20:00:00,95.73361390219024,96.22723352627732,95.39156919063386,95.73361390219024,4792,58.05667938391811,0.750652781682095,95.36687898954685,False,False,ranging,False,False,False,False,0.0,0.8356643356434574,False,False,0,100000
2023-01-07 21:00:00,96.11896435388797,96.42573548349087,95.64480214791746,96.11896435388797,3941,60.73642460512046,0.7780326738676787,95.40067464443216,False,False,ranging,False,False,False,False,0.0,0.7809333355734083,False,False,0,100000
2023-01-07 22:00:00,96.28407672466257,97.01600244656436,95.97954846711421,96.28407672466257,6695,60.968460799481,0.7703180949855805,95.42708946042066,False,False,ranging,False,False,False,False,0.0,1.036453979450144,False,False,0,100000
2023-01-07 23:00:00,96.61290078866037,97.02818263421352,96.36964353529727,96.61290078866037,7401,67.438962559375,0.8035916717306354,95.49468449382661,False,False,ranging,False,False,False,False,0.0,0.6585390989162505,False,False,0,100000
2023-01-08 00:00:00,97.37161798172195,97.54079071773766,96.99434462404757,97.37161798172195,7197,71.59822615455566,0.8348817797442527,95.62662451914731,True,False,bullish,False,False,False,False,0.0,0.5464460936900934,False,False,0,100000
2023-01-08 01:00:00,97.2734627353208,97.4518890378204,97.2032567775887,97.2734627353208,6450,69.6038784299317,0.7904516570756093,95.74321795083563,False,False,ranging,False,False,False,False,0.0,0.2486322602316875,False,False,0,100000
2023-01-08 02:00:00,96.97196826957781,97.22799293721191,96.83206075724391,96.97196826957781,9975,69.39337346131958,0.787133687708628,95.83879696577213,False,False,ranging,False,False,False,False,0.0,0.3959321799679998,False,False,0,100000
2023-01-08 03:00:00,96.6161624977276,96.84384107466363,96.31996214275087,96.6161624977276,9432,59.52887972674415,0.7656516319097507,95.9115758351092,False,False,ranging,False,False,False,False,0.0,0.5238789319127619,False,False,0,100000
2023-01-08 04:00:00,96.28983838374143,96.37419581093224,96.26705307664866,96.28983838374143,6874,54.06077750094371,0.7287834541319599,95.96110953455704,False,False,ranging,False,False,False,False,0.0,0.10714273428357046,False,False,0,100000
2023-01-08 05:00:00,96.25899769997578,96.29025803116134,96.16304344299932,96.25899769997578,2553,59.40349234411644,0.676369172044805,96.02270169424814,False,False,ranging,False,False,False,False,0.0,0.12721458816201903,False,False,0,100000
2023-01-08 06:00:00,96.39545848990244,96.41423642827229,96.34993109222782,96.39545848990244,2012,58.23509297324913,0.6617383056012623,96.08647181949237,False,False,ranging,False,False,False,False,0.0,0.06430533604446964,False,False,0,100000
2023-01-08 07:00:00,96.50613480963445,96.73232418629445,96.25559193914543,96.50613480963445,9378,64.89313799699343,0.6184149588588223,96.14991431125722,False,False,ranging,False,False,False,False,0.0,0.4767322471490161,False,False,0,100000
2023-01-08 08:00:00,96.83700810924886,96.92121063230888,96.21014649274042,96.83700810924886,2881,65.02980007643218,0.5976254964512699,96.24418749636332,False,False,ranging,False,False,False,False,0.0,0.7110641395684638,False,False,0,100000
2023-01-08 09:00:00,96.84220886600002,97.35009591025863,96.35991055786461,96.84220886600002,7799,60.653999548809274,0.6054737379342683,96.3014052290841,False,False,ranging,False,False,False,False,0.0,0.9901853523940218,False,False,0,100000
2023-01-08 10:00:00,97.42362249686295,97.45312438490137,97.36820032319423,97.42362249686295,5586,71.58238883914038,0.5894202510241178,96.37821698492976,False,False,ranging,False,False,False,False,0.0,0.08492406170714162,False,False,0,100000
2023-01-08 11:00:00,97.31775976356776,97.61433709571304,96.71067789779887,97.31775976356776,9622,66.48616705938353,0.5981863840484577,96.47356167405474,False,False,ranging,False,False,False,False,0.0,0.9036591979141662,False,False,0,100000
2023-01-08 12:00:00,98.40582743020362,98.73690422536835,98.40378747683562,98.40582743020362,9430,73.27135933848203,0.6255214185020606,96.61017867433881,False,False,ranging,False,False,False,False,0.0,0.3331167485327313,False,False,0,100000
2023-01-08 13:00:00,98.65609436930961,98.71006261465566,98.59908265880917,98.65609436930961,7447,72.80268738366925,0.5941020809949953,96.77880265498275,False,False,ranging,False,False,False,False,0.0,0.11097995584648856,False,False,0,101234
2023-01-08 14:00:00,98.3132313467431,98.73083203264648,98.20599771989997,98.3132313467431,3345,61.5839394807672,0.5653123941142246,96.9145417924235,False,False,ranging,False,False,False,False,0.0,0.5248343127465063,False,False,0,101234
2023-01-08 15:00:00,97.88487434751865,98.16036932931934,97.83075684298993,97.88487434751865,1075,56.956543536478705,0.582015411508616,97.0056911683229,False,False,ranging,False,False,False,False,0.0,0.32961248632940965,False,False,0,101234
2023-01-08 16:00:00,98.07786331361592,98.54901349470288,97.66600877121296,98.07786331361592,6877,62.90124366653116,0.6135584647524033,97.12290363889417,False,False,ranging,False,False,False,False,0.0,0.8830047234899183,False,False,0,101234
2023-01-08 17:00:00,97.98847819948558,98.28536664045669,97.32491962608674,97.98847819948558,7785,67.0703823305411,0.6355899567197605,97.21637933117407,False,False,ranging,False,False,False,False,0.0,0.9604470143699473,False,False,0,101234
2023-01-08 18:00:00,98.27407839712242,98.55630975351889,97.81404828673352,98.27407839712242,5922,74.93479853465449,0.6636722456987911,97.31587941479707,False,False,ranging,False,False,False,False,0.0,0.7422614667853651,False,False,0,101234
2023-01-08 19:00:00,98.46337344695183,98.75811966501333,98.03618630121679,98.46337344695183,9090,76.64019562885441,0.7061521582441139,97.40840304771163,True,False,bullish,False,False,False,False,0.0,0.7219333637965377,False,False,0,101234
2023-01-08 20:00:00,98.43424188188908,98.50163182688819,98.35424618311876,98.43424188188908,3330,75.29519065067622,0.7055912236350365,97.46153424271998,False,False,ranging,False,False,False,False,0.0,0.1473856437694252,False,False,0,101234
2023-01-08 21:00:00,98.09552439466172,98.26054002436909,97.96675106857212,98.09552439466172,5686,68.66346688654444,0.7049311212184607,97.50263732568703,False,False,ranging,False,False,False,False,0.0,0.29378895579696973,False,False,0,101234
2023-01-08 22:00:00,97.48958550478737,97.78008884124647,97.31301952385616,97.48958550478737,2902,57.197932722079926,0.7100340305925396,97.5285181874475,False,False,ranging,False,False,False,False,0.0,0.46706931739031177,False,False,0,101234
2023-01-08 23:00:00,97.31097952396057,97.34259217580436,96.83154221839544,97.31097952396057,5670,54.980040703543814,0.6863095973066758,97.56325903875916,False,False,ranging,False,False,False,False,0.0,0.5110499574089147,False,False,0,101234
2023-01-09 00:00:00,97.65353904168995,98.05374669016541,97.51488724186537,97.65353904168995,8143,52.57313187920071,0.6957275721140681,97.63144407165659,False,False,ranging,False,False,False,False,0.0,0.5388594483000446,False,False,0,101234
2023-01-09 01:00:00,97.73917653934204,97.9195868325274,97.13188365235598,97.73917653934204,3059,54.73777223236769,0.6874449994181576,97.7054530136249,False,False,ranging,False,False,False,False,0.0,0.7877031801714196,False,False,0,101234
2023-01-09 02:00:00,97.24088102785724,97.3368156081,96.8319288264794,97.24088102785724,1140,34.90079977163795,0.6508809459225903,97.74772414052265,False,False,ranging,False,False,False,False,0.0,0.5048867816205984,False,False,0,101234
2023-01-09 03:00:00,97.31015339819771,97.78805151825722,97.2532415479146,97.31015339819771,2789,31.696086911302046,0.6682334677760144,97.7879250699508,False,False,ranging,False,False,False,False,0.0,0.5348099703426215,False,False,0,101234
2023-01-09 04:00:00,97.46428035008925,97.59642277147738,97.26568569675027,97.46428035008925,1016,37.830097597710015,0.6543693793460577,97.81928868199282,False,False,ranging,False,False,False,False,0.0,0.3307370747271108,False,False,0,101234
2023-01-09 05:00:00,97.1107373756088,97.11662871528681,96.9829712137509,97.1107373756088,1464,38.65932131064228,0.6542861388164282,97.83271510747326,False,False,ranging,False,False,False,False,0.0,0.13365750153590739,False,False,0,101234
2023-01-09 06:00:00,97.17222741798702,97.33797440431216,97.16648308476229,97.17222741798702,5471,36.20130226023255,0.6074455891888165,97.82014535352947,False,False,ranging,False,False,False,False,0.0,0.1714913195498724,False,False,0,101234
2023-01-09 07:00:00,97.19551090536541,97.26268514558481,97.00306483265211,97.19551090536541,2827,37.66960185394844,0.5573865390861558,97.81403291061935,False,False,ranging,False,False,False,False,0.0,0.2596203129326966,False,False,0,101234
2023-01-09 08:00:00,96.73832278623316,97.1475649152253,96.59196110077183,96.73832278623316,9711,27.329246107067647,0.5474785632153143,97.73065767842083,False,False,ranging,False,False,False,False,0.0,0.5556038144534767,False,False,0,101234
2023-01-09 09:00:00,96.88143773037247,96.91900508116684,96.34013329743645,96.88143773037247,6956,26.324745005052478,0.5372598789248754,97.64192484647397,False,True,bearish,False,False,False,False,0.0,0.578871783730392,False,False,0,101234
2023-01-09 10:00:00,97.10575154091977,97.23457320325734,97.04848040340158,97.10575154091977,1089,31.215251192113286,0.5519562952902645,97.5815508561828,False,False,ranging,False,False,False,False,0.0,0.1860927998557571,False,False,0,101234
2023-01-09 11:00:00,97.53897203818988,97.57566128909957,97.32304465554543,97.53897203818988,5815,42.33523662487471,0.5521290763518962,97.56425574071636,False,False,ranging,False,False,False,False,0.0,0.25261663355414044,False,False,0,101234
2023-01-09 12:00:00,97.96049285900385,98.12348226771476,97.5725109716425,97.96049285900385,3851,56.83232413140632,0.5379866019747043,97.55838721798575,False,False,ranging,False,False,False,False,0.0,0.5509712960722624,False,False,0,101234
2023-01-09 13:00:00,97.40942511182101,97.42408313291872,97.12249419877561,97.40942511182101,3843,51.289015657454094,0.5508405572487263,97.52943456360254,False,False,ranging,False,False,False,False,0.0,0.30158893414311194,False,False,0,101234
2023-01-09 14:00:00,97.03429509585496,97.04647260321612,96.89257321249084,97.03429509585496,7543,41.960386690716234,0.5347037524719634,97.46744539853916,False,False,ranging,False,False,False,False,0.0,0.1538993907252717,False,False,0,101234
2023-01-09 15:00:00,97.24030920273842,97.45090670908044,96.79507439417763,97.24030920273842,6901,43.71953780655803,0.5252844049527771,97.4062921863285,False,False,ranging,False,False,False,False,0.0,0.6558323149028098,False,False,0,101234
2023-01-09 16:00:00,97.4458235831033,97.64469385836858,97.33913957846761,97.4458235831033,1969,52.785453684260865,0.48936561515045746,97.3568712713892,False,False,ranging,False,False,False,False,0.0,0.3055542799009743,False,False,0,101234
2023-01-09 17:00:00,97.65184265762572,98.07262423916563,97.55792524846878,97.65184265762572,2094,54.47759209689042,0.4950534841263397,97.33468718453739,False,False,ranging,False,False,False,False,0.0,0.5146989906968571,False,False,0,101234
2023-01-09 18:00:00,99.19293525388761,99.7178082768437,99.19272267551462,99.19293525388761,7124,66.61365412207627,0.6189983801614015,97.41985467199241,False,False,ranging,False,False,False,False,0.0,0.5250856013290814,False,False,0,101234
2023-01-09 19:00:00,99.42129145816487,99.79445042878226,99.04616913797396,99.42129145816487,8347,72.75365174629695,0.6380678197663973,97.52537026870263,False,False,ranging,False,False,False,False,0.0,0.7482812908082934,False,False,0,101234
2023-01-09 20:00:00,99.87551771423712,100.08338927357589,99.69416311633051,99.87551771423712,4195,74.70986861023492,0.6691293045312301,97.63646920232998,False,False,ranging,False,False,False,False,0.0,0.3892261572453748,False,False,0,101234
2023-01-09 21:00:00,100.2571184196344,100.47264059930515,99.99241850093738,100.2571184196344,2404,76.26465581425671,0.6932366311123255,97.7623662963446,False,False,ranging,False,False,False,False,0.0,0.48022209836777563,False,False,0,101234
2023-01-09 22:00:00,100.51767492015671,100.78615223324005,100.38204782030678,100.51767492015671,7940,83.5539903591403,0.687914060327473,97.92620599095957,False,False,ranging,False,False,False,False,0.0,0.4041044129332647,False,False,0,101234
2023-01-09 23:00:00,100.39156722230057,100.48005212578818,100.25055457797272,100.39156722230057,5290,81.25816362956397,0.6656461002170155,98.08027668216472,False,False,ranging,False,False,False,False,0.0,0.2294975478154555,False,False,0,101234
2023-01-10 00:00:00,100.69515491049788,101.0694775323,100.61539144160226,100.69515491049788,4982,81.51909343537098,0.6888443028680555,98.24182041018516,False,False,ranging,False,False,False,False,0.0,0.45408609069774286,False,False,0,101234
2023-01-10 01:00:00,100.38602482468285,100.58807201195602,100.25500890387067,100.38602482468285,6555,75.55737607696838,0.6867183213285841,98.40558478263885,False,False,ranging,False,False,False,False,0.0,0.3330631080853408,False,False,0,101234
2023-01-10 02:00:00,100.29129738198685,100.374995630654,100.27145759759911,100.29129738198685,8954,72.22722209648597,0.6531509640113597,98.56153828083885,False,False,ranging,False,False,False,False,0.0,0.10353803305488896,False,False,0,101234
2023-01-10 03:00:00,100.09715196285521,100.34775607883313,99.46723542610525,100.09715196285521,5713,77.50319629601238,0.6561882491899057,98.70662033371333,False,False,ranging,False,False,False,False,0.0,0.8805206527278813,False,False,0,101234
2023-01-10 04:00:00,100.12990161860974,100.77344635694175,100.05579390838594,100.12990161860974,4092,84.06386255862931,0.6705311455631663,98.87619927533216,False,False,ranging,False,False,False,False,0.0,0.7176524485558105,False,False,0,101234
2023-01-10 05:00:00,101.05576504527914,101.412044570988,100.94826299967278,101.05576504527914,5159,86.24325491233066,0.715267619668556,99.0849156410775,True,False,bullish,False,False,False,False,0.0,0.4637815713152236,False,False,0,101234
2023-01-10 06:00:00,100.30885896824245,100.40180518131055,100.1145964265519,100.30885896824245,7308,74.65978844419224,0.7536093313183473,99.24507101244363,False,False,ranging,False,False,False,False,0.0,0.2872087547586517,False,False,0,101234
2023-01-10 07:00:00,100.58336304439226,100.77349610867189,100.36010545294228,100.58336304439226,8478,74.95525256682123,0.7420262230588557,99.39729056275374,False,False,ranging,False,False,False,False,0.0,0.4133906557296143,False,False,0,101234
2023-01-10 08:00:00,99.9382766959164,100.06241642515185,99.88390944395097,99.9382766959164,9476,57.4870348243071,0.6444182217176636,99.49617975459937,False,False,ranging,False,False,False,False,0.0,0.17850698120088282,False,False,0,101234
2023-01-10 09:00:00,99.74950394960062,99.80509024726393,99.55469203810419,99.74950394960062,5933,53.3233584029258,0.6183684622179432,99.61318369648835,False,False,ranging,False,False,False,False,0.0,0.25039820915974076,False,False,0,101234
2023-01-10 10:00:00,100.18508418838756,100.22403039830759,99.78869297870565,100.18508418838756,5926,53.146436836401904,0.6049705074533682,99.77072315111498,False,False,ranging,False,False,False,False,0.0,0.43533741960193595,False,False,0,101234
2023-01-10 11:00:00,100.21079619602575,100.22393963761948,99.78491529467166,100.21079619602575,4969,49.4924625820165,0.5936777544447815,99.91924750077933,False,False,ranging,False,False,False,False,0.0,0.43902434294781756,False,False,0,101234
2023-01-10 12:00:00,99.77969828485404,99.82379888534258,99.59957121513243,99.77969828485404,3965,42.20552192758941,0.5995485521081869,100.03594123586689,False,False,ranging,False,False,False,False,0.0,0.22422767021015488,False,False,0,101234
2023-01-10 13:00:00,99.49357680115004,99.78274053618851,98.93361481574186,99.49357680115004,5319,40.82556962105594,0.6411203648412344,100.1280279430431,False,True,bearish,False,False,False,False,0.0,0.8491257204466507,False,False,0,101234
2023-01-10 14:00:00,99.76541590072391,100.42857280120131,99.46316179377283,99.76541590072391,9975,40.43918265016077,0.6616561289433095,100.15665197538492,False,False,ranging,False,False,False,False,0.0,0.9654110074284858,False,False,0,101234
2023-01-10 15:00:00,99.47326924803706,99.64051678353941,99.26788030030906,99.47326924803706,8108,40.58092885268302,0.6657553856424272,100.15925086487853,False,False,ranging,False,False,False,False,0.0,0.3726364832303517,False,False,0,101234
2023-01-10 16:00:00,99.55985268386985,99.97079357774358,99.32266500412102,99.55985268386985,4939,42.43923631047484,0.7038669103951999,100.14346761336017,False,False,ranging,False,False,False,False,0.0,0.6481285736225573,False,False,0,101234
2023-01-10 17:00:00,99.57808141983138,99.60456603433676,98.98705027451783,99.57808141983138,1044,44.43199770968212,0.685080846615989,100.10951576337001,False,False,ranging,False,False,False,False,0.0,0.6175157598189287,False,False,0,101234
2023-01-10 18:00:00,99.31744128078905,100.09135408208535,99.04966207929927,99.31744128078905,2810,41.69107539174606,0.7082265290610081,100.04950408140164,False,False,ranging,False,False,False,False,0.0,1.0416920027860783,False,False,0,101234
2023-01-10 19:00:00,100.17501891651918,100.4161212869101,99.81166733773495,100.17501891651918,5566,40.86513906298307,0.6951220328997779,100.03867666611255,False,False,ranging,False,False,False,False,0.0,0.6044539491751522,False,False,0,101234
2023-01-10 20:00:00,100.42858652544638,100.9203215670796,100.20935728972643,100.42858652544638,2909,51.38334738181145,0.6811316066021474,100.02534824685998,True,False,bullish,False,False,False,False,0.0,0.7109642773531704,False,False,0,101234
2023-01-10 21:00:00,99.61852949078333,100.12183973500626,99.6142475704324,99.61852949078333,7364,40.07987501948583,0.7061103076438998,99.986973480165,False,False,ranging,False,False,False,False,0.0,0.5075921645738646,False,False,0,101234
2023-01-10 22:00:00,99.69311121669111,99.85918768920351,99.40692939087211,99.69311121669111,3581,47.14426196277575,0.6884535003503365,99.95706417190021,False,False,ranging,False,False,False,False,0.0,0.45225829833140097,False,False,0,101234
2023-01-10 23:00:00,99.42839663078375,99.59909155453933,99.30628573690572,99.42839663078375,1691,46.324698186937795,0.688684987634135,99.92362640529664,False,False,ranging,False,False,False,False,0.0,0.2928058176336066,False,False,0,101234
2023-01-11 00:00:00,99.76936996470224,100.2578889516408,99.56347442761522,99.76936996470224,1931,45.136527239951945,0.7140396927877118,99.90559982260127,False,False,ranging,False,False,False,False,0.0,0.694414524025575,False,False,0,101234
2023-01-11 01:00:00,99.45236166932915,99.56609999162539,99.42059333339458,99.45236166932915,8910,41.69319109163869,0.7075934276705576,99.82542965380377,False,False,ranging,False,False,False,False,0.0,0.14550665823081488,False,False,0,101234
2023-01-11 02:00:00,99.40646709274239,99.4675412007731,99.23114319860065,99.40646709274239,7382,45.53544193027942,0.6808200720476378,99.78031006002877,False,False,ranging,False,False,False,False,0.0,0.2363980021724501,False,False,0,101234
2023-01-11 03:00:00,99.60846200433457,99.78296627851917,99.01552982897992,99.60846200433457,4406,51.40247308453088,0.6749851241256805,99.73156500802588,False,False,ranging,False,False,False,False,0.0,0.7674364495392467,False,False,0,101234
2023-01-11 04:00:00,99.95476408200261,100.25919110121048,99.48549159848929,99.95476408200261,9339,52.27021448532921,0.6612914452180162,99.7323893773302,False,False,ranging,False,False,False,False,0.0,0.7736995027211861,False,False,0,101234
2023-01-11 05:00:00,99.4746455191803,99.6694287827001,98.9894817466897,99.4746455191803,2032,50.01578928998029,0.6947019262821631,99.71864645580918,False,False,ranging,False,False,False,False,0.0,0.6799470360103896,False,False,0,101234
2023-01-11 06:00:00,99.34084502484392,99.7080271048726,99.30953824358696,99.34084502484392,2311,47.51436089507981,0.6768705182580977,99.676434497632,False,False,ranging,False,False,False,False,0.0,0.3984888612856423,False,False,0,101234
2023-01-11 07:00:00,99.15086690037953,99.16109194085729,98.88123168588258,99.15086690037953,9579,45.333242271975784,0.6655917739111266,99.62343803284969,False,False,ranging,False,False,False,False,0.0,0.27986025497470735,False,False,0,101234
2023-01-11 08:00:00,98.88953520735004,99.12052717666762,98.49044111962834,98.88953520735004,4121,45.32639407085339,0.6383584723372054,99.57892987897449,False,True,bearish,False,False,False,False,0.0,0.6300860570392786,False,False,0,101234
2023-01-11 09:00:00,99.59571690346247,99.6658526769997,99.53898078622936,99.59571690346247,2873,43.45643967950631,0.6153325768749645,99.58403688409012,False,False,ranging,False,False,False,False,0.0,0.12687189077034589,False,False,0,101234
2023-01-11 10:00:00,99.75770958784686,100.22447828170795,99.48121455426953,99.75770958784686,7781,42.261963064546144,0.6151869395091073,99.58365156844624,False,False,ranging,False,False,False,False,0.0,0.7432637274384177,False,False,0,101234
2023-01-11 11:00:00,99.25335600611284,99.35262007577718,99.21509126999958,99.25335600611284,4748,45.468441662143874,0.5957783225686291,99.57265590635004,False,False,ranging,False,False,False,False,0.0,0.13752880577760607,False,False,0,101234
2023-01-11 12:00:00,99.62050078493475,99.87055947341743,99.16715430586055,99.62050078493475,1277,49.159949443499706,0.6137173846561633,99.5756883114033,False,False,ranging,False,False,False,False,0.0,0.7034051675568804,False,False,0,101234
2023-01-11 13:00:00,100.46936326373981,101.06748395651124,100.03401055672434,100.46936326373981,2859,60.60925335462803,0.6894429340698137,99.62025240359871,False,False,ranging,False,False,False,False,0.0,1.0334733997868994,False,False,0,101234
2023-01-11 14:00:00,100.88234936796027,100.99456633891454,100.87872268360645,100.88234936796027,6929,61.17909370176576,0.6677079879496485,99.69849780795728,False,False,ranging,False,False,False,False,0.0,0.11584365530808327,False,False,0,101234
2023-01-11 15:00:00,100.27460138157866,100.64290207932065,99.89888334825473,100.27460138157866,7792,57.803075822596874,0.7130429442637833,99.70347693121025,False,False,ranging,False,False,False,False,0.0,0.7440187310659212,False,False,0,101234
2023-01-11 16:00:00,100.08090775243217,100.44380005803953,99.97181818764467,100.08090775243217,5713,56.22581052186043,0.7298703634225266,99.68609299255954,False,False,ranging,False,False,False,False,0.0,0.4719818703948562,False,False,0,101234
2023-01-11 17:00:00,100.58767221210682,101.08944392815813,100.32160599507763,100.58767221210682,5675,58.557647178248175,0.7470917724358637,99.73455012862573,True,False,bullish,False,False,False,False,0.0,0.7678379330805001,False,False,0,101234
2023-01-11 18:00:00,100.30460442585931,100.43031012866912,100.178375887755,100.30460442585931,2170,53.09154167723262,0.7210629739809095,99.76512478908413,False,False,ranging,False,False,False,False,0.0,0.25193424091412453,False,False,0,101234
2023-01-11 19:00:00,100.4821321971178,100.69363575384533,99.70086804012966,100.4821321971178,9681,59.40621073407216,0.7230262152953922,99.81781156740082,False,False,ranging,False,False,False,False,0.0,0.992767713715665,False,False,0,101234
2023-01-11 20:00:00,100.79198581848954,100.80871654178685,100.73230137445059,100.79198581848954,6308,63.11709629066529,0.7178901783942067,99.86894236009019,False,False,ranging,False,False,False,False,0.0,0.07641516733626474,False,False,0,101234
2023-01-11 21:00:00,100.4212136298583,100.58871170361482,100.29019206433824,100.4212136298583,3462,61.11943591018037,0.7209030651934896,99.91738495811664,False,False,ranging,False,False,False,False,0.0,0.2985196392765772,False,False,0,101234
2023-01-11 22:00:00,100.39740348743358,100.4202051048573,100.27611506094507,100.39740348743358,1287,63.77109298407279,0.6840939786336355,99.96693177785122,False,False,ranging,False,False,False,False,0.0,0.1440900439122288,False,False,0,101234
2023-01-11 23:00:00,99.10089655140595,99.26252334913987,98.7301618938593,99.10089655140595,6953,45.92074619337717,0.7477314160568217,99.94155350520478,False,False,ranging,False,False,False,False,0.0,0.5323614552805651,False,False,0,101234
2023-01-12 00:00:00,98.69114149487224,98.96734357279605,98.36982539097752,98.69114149487224,5282,41.55239962369236,0.746860518413251,99.87837237584827,False,False,ranging,False,False,False,False,0.0,0.5975181818185291,False,False,0,101234
2023-01-12 01:00:00,98.59011423431498,98.6409224815258,98.38604940267984,98.59011423431498,2907,44.38836191992072,0.7298943594379017,99.834145811605,False,False,ranging,False,False,False,False,0.0,0.2548730788459608,False,False,0,101234
2023-01-12 02:00:00,98.09100096152905,98.51511531060054,97.73324870778565,98.09100096152905,2161,37.34169754461465,0.7408558136502198,99.77165360843925,False,True,bearish,False,False,False,False,0.0,0.7818666028148868,False,False,0,101234
2023-01-12 03:00:00,98.7439654831017,98.77733330150632,98.21038920789975,98.7439654831017,1129,35.24188693397517,0.6865236113931326,99.75130853757535,False,False,ranging,False,False,False,False,0.0,0.5669440936065655,False,False,0,101234
2023-01-12 04:00:00,98.17190893191746,98.44308122435689,98.07601338414176,98.17190893191746,7337,27.430529774466905,0.6967199702349335,99.71542722380373,False,False,ranging,False,False,False,False,0.0,0.36706784021512817,False,False,0,101234
2023-01-12 05:00:00,97.99589113723866,98.21655012001558,97.84463718793636,97.99589113723866,3363,29.555549426574288,0.6530376068330536,99.63543593549255,False,False,ranging,False,False,False,False,0.0,0.37191293207922627,False,False,0,101234
2023-01-12 06:00:00,98.0481873681531,98.41901532071623,98.0237305662226,98.0481873681531,9151,31.287785952610122,0.6495477720532473,99.54995982450785,False,False,ranging,False,False,False,False,0.0,0.39528475449363043,False,False,0,101234
2023-01-12 07:00:00,98.62469668377955,98.95208971995783,98.52039373871804,98.62469668377955,6983,32.15891500280854,0.642073927487445,99.5185268583912,False,False,ranging,False,False,False,False,0.0,0.43169598123978403,False,False,0,101234
2023-01-12 08:00:00,98.05035182330776,98.23309325957992,97.9041832540737,98.05035182330776,1143,30.54181273536004,0.6643037207270177,99.44001941030983,False,False,ranging,False,False,False,False,0.0,0.3289100055062164,False,False,0,101234
2023-01-12 09:00:00,98.51561732416975,98.84331115357152,98.31290490042127,98.51561732416975,9207,33.828782667925154,0.6500316933375956,99.34233211333134,False,False,ranging,False,False,False,False,0.0,0.5304062531502467,False,False,0,101234
2023-01-12 10:00:00,98.51971054857759,98.61463308348603,98.50946482333119,98.51971054857759,8469,30.32502951919406,0.6342162587294382,99.22420017236219,False,False,ranging,False,False,False,False,0.0,0.10516826015484071,False,False,0,101234
2023-01-12 11:00:00,98.12710708815841,98.49103639815216,97.80093330649957,98.12710708815841,1244,30.210814134042593,0.6497150792956329,99.11682545769119,False,False,ranging,False,False,False,False,0.0,0.6901030916525883,False,False,0,101234
2023-01-12 12:00:00,98.31194847786372,98.35446355195569,97.98620093919817,98.31194847786372,1926,32.49692291651634,0.6656553681416538,99.02837749396278,False,False,ranging,False,False,False,False,0.0,0.36826261275751904,False,False,0,101234
2023-01-12 13:00:00,98.3915723560931,99.08737121808761,98.18776037120615,98.3915723560931,4178,42.51848589626976,0.6108246005207383,98.91857250116207,False,False,ranging,False,False,False,False,0.0,0.8996108468814583,False,False,0,101234
2023-01-12 14:00:00,98.1514856052296,98.2694809570479,97.806847394682,98.1514856052296,3176,44.096758845927,0.60037130059093,98.8109165601306,False,False,ranging,False,False,False,False,0.0,0.4626335623659088,False,False,0,101234
2023-01-12 15:00:00,98.1794064392256,98.23702117417261,97.97951268895284,98.1794064392256,6002,45.43428460128962,0.5969724715214569,98.69578027223598,False,False,ranging,False,False,False,False,0.0,0.2575084852197733,False,False,0,101234
2023-01-12 16:00:00,98.0252810004809,98.11801593974165,97.88650361262472,98.0252810004809,1886,49.20871753683668,0.5566894215265675,98.55744503133555,False,False,ranging,False,False,False,False,0.0,0.23151232711693126,False,False,0,101234
2023-01-12 17:00:00,98.0706879385814,98.11075021001608,97.55294591994422,98.0706879385814,9532,40.50435755558266,0.5475088465333238,98.43991874677171,False,True,bearish,False,False,False,False,0.0,0.5578042900718572,False,False,0,101234
2023-01-12 18:00:00,98.33554020838982,98.38128115930398,98.13227081268911,98.33554020838982,4398,52.526743184216166,0.5219832123735121,98.33682558281951,False,False,ranging,False,False,False,False,0.0,0.24901034661486676,False,False,0,101234
2023-01-12 19:00:00,98.96994693484795,99.18237953785453,98.61171411393374,98.96994693484795,9497,63.175818448837205,0.5559065264724755,98.33027810199161,False,False,ranging,False,False,False,False,0.0,0.5706654239207865,False,False,0,101234
2023-01-12 20:00:00,98.47482073531721,98.76183143035558,98.1804710759753,98.47482073531721,3654,55.15356430706674,0.5820745032864098,98.31946206401386,False,False,ranging,False,False,False,False,0.0,0.5813603543802799,False,False,0,101234
2023-01-12 21:00:00,99.32803408517971,99.56383092333209,99.18871280648689,99.32803408517971,8392,57.96367306583903,0.5952964915871348,98.35635805655711,True,False,bullish,False,False,False,False,0.0,0.3751181168452007,False,False,0,101234
2023-01-12 22:00:00,98.54719896537071,98.94656885143804,98.40858069739514,98.54719896537071,2371,55.374340449674435,0.609506488592758,98.37916795674919,False,False,ranging,False,False,False,False,0.0,0.5379881540429068,False,False,0,101234
2023-01-12 23:00:00,98.48648492735647,99.03734653928746,98.2514677745717,98.48648492735647,8135,49.654653443672984,0.6090007339107585,98.36629392896192,False,False,ranging,False,False,False,False,0.0,0.7858787647157612,False,False,0,101234
2023-01-13 00:00:00,98.7218118099503,98.87420920802406,98.64635014413695,98.7218118099503,1320,52.271268583089466,0.6291833068045258,98.39378907286357,False,False,ranging,False,False,False,False,0.0,0.22785906388710941,False,False,0,101234
2023-01-13 01:00:00,98.8342085570443,99.16521853889647,98.65495549863681,98.8342085570443,5654,58.480719664307244,0.6142894352460715,98.43570494385384,False,False,ranging,False,False,False,False,0.0,0.5102630402596589,False,False,0,101234
2023-01-13 02:00:00,98.58512874911607,99.23099592700181,98.15841779060652,98.58512874911607,6300,53.22670506797415,0.664597686934484,98.462552012902,False,False,ranging,False,False,False,False,0.0,1.0725781363952933,False,False,0,101234
2023-01-13 03:00:00,98.50187984897316,98.61845343033245,97.98020994983389,98.50187984897316,7761,51.30179681551538,0.6459285893357054,98.45641117116168,False,False,ranging,False,False,False,False,0.0,0.6382434804985593,False,False,0,101234
2023-01-13 04:00:00,98.30467947510962,99.05257933033946,98.01102205987509,98.30467947510962,7854,51.826409354540175,0.678559468553795,98.46912755375178,False,False,ranging,False,False,False,False,0.0,1.0415572704643665,False,False,0,101234
2023-01-13 05:00:00,98.06893357233194,98.07075484579391,98.04333812956244,98.06893357233194,6505,48.74510528192387,0.678833244291467,98.44679336615988,False,False,ranging,False,False,False,False,0.0,0.027416716231471128,False,False,0,101234
2023-01-13 06:00:00,98.40877441114036,98.66032164347585,98.16629469464807,98.40877441114036,7553,54.17986118845573,0.7001536189016834,98.44124655928802,False,False,ranging,False,False,False,False,0.0,0.49402694882778064,False,False,0,101234
2023-01-13 07:00:00,98.55158060552638,98.57612941309065,98.30244728355942,98.55158060552638,5042,55.13248537242693,0.6798591788630678,98.46247023515642,False,False,ranging,False,False,False,False,0.0,0.27368212953123816,False,False,0,101234
2023-01-13 08:00:00,98.27441676742212,98.30408366337947,98.1176625358424,98.27441676742212,8498,49.34934984403283,0.6886680966460251,98.46059364963433,False,False,ranging,False,False,False,False,0.0,0.18642112753707352,False,False,0,101234
2023-01-13 09:00:00,98.63425671759542,98.90997966249175,98.50873725132881,98.63425671759542,7636,46.20477872217864,0.6735769227606616,98.47272786770945,False,False,ranging,False,False,False,False,0.0,0.40124241116294,False,False,0,101234
2023-01-13 10:00:00,98.75717652594606,98.84425888920266,98.33669694806214,98.75717652594606,8362,53.48558843970998,0.653440214351224,98.50301241374527,False,False,ranging,False,False,False,False,0.0,0.5075619411405228,False,False,0,101234
2023-01-13 11:00:00,99.08232137348165,99.16253906770322,98.8871863457208,99.08232137348165,1011,46.512005289109986,0.6046082396185294,98.54815816045809,False,False,ranging,False,False,False,False,0.0,0.275352721982415,False,False,0,101234
2023-01-13 12:00:00,99.3341729102511,99.4306822521099,98.88324881972315,99.3341729102511,1194,63.14568019949692,0.5780353856615424,98.61360275594659,False,False,ranging,False,False,False,False,0.0,0.5474334323867538,False,False,0,101234
2023-01-13 13:00:00,99.00257490588227,99.20300204197518,98.6869906205654,99.00257490588227,3537,57.90539379405755,0.5681284945879668,98.66019710431164,False,False,ranging,False,False,False,False,0.0,0.516011421409786,False,False,0,101234
2023-01-13 14:00:00,98.77850248980349,99.07611519466444,98.47908430160916,98.77850248980349,3842,50.87138430484134,0.5830789669013734,98.68234521838232,False,False,ranging,False,False,False,False,0.0,0.5970308930552761,False,False,0,101234
2023-01-13 15:00:00,99.07741993185279,99.12990785886142,98.96222855026708,99.07741993185279,3229,53.53563504147083,0.5717319903869641,98.68771886823257,False,False,ranging,False,False,False,False,0.0,0.16767930859433022,False,False,0,101234
2023-01-13 16:00:00,99.32156803802617,99.54829158587403,99.24650797615067,99.32156803802617,4009,60.72120663182587,0.5287529559316744,98.730056233368,False,False,ranging,False,False,False,False,0.0,0.3017836097233584,False,False,0,101234
2023-01-13 17:00:00,99.31320740044052,99.47416035351164,98.71450715350532,99.31320740044052,8984,62.07472855979265,0.5374250787536567,98.72931489913104,False,False,ranging,False,False,False,False,0.0,0.7596532000063121,False,False,0,101234
2023-01-13 18:00:00,99.36013835376403,99.62967874830134,98.42716278696243,99.36013835376403,3077,66.44354792499999,0.5489221281018389,98.76996186855072,False,False,ranging,False,False,False,False,0.0,1.2025159613389178,False,False,0,101234
2023-01-13 19:00:00,99.8712043120794,99.87965865929014,99.68918739433855,99.8712043120794,8845,75.86006187956299,0.5673634823860486,98.83919783778686,False,False,ranging,False,False,False,False,0.0,0.19047126495159716,False,False,0,101234
2023-01-13 20:00:00,99.63457575654506,99.63731145553832,99.57961677092895,99.63457575654506,4867,68.12538970333804,0.545949158815087,98.88483603511659,False,False,ranging,False,False,False,False,0.0,0.057694684609373326,False,False,0,101234
2023-01-13 21:00:00,99.85341470901308,100.17918337876256,99.69306301446892,99.85341470901308,5873,68.82633774292414,0.5653009797212485,98.93579634271504,False,False,ranging,False,False,False,False,0.0,0.48612036429364025,False,False,0,101234
2023-01-13 22:00:00,99.77253764803952,99.91494711790351,99.50624102027737,99.77253764803952,9635,72.96889996575476,0.5635001245742595,98.9951667876612,False,False,ranging,False,False,False,False,0.0,0.40870609762613697,False,False,0,101234
2023-01-13 23:00:00,99.68546516674863,99.69297325437218,99.58926487908147,99.68546516674863,1297,67.58799082741629,0.531193686994861,99.05434605354998,False,False,ranging,False,False,False,False,0.0,0.10370837529070798,False,False,0,101234
2023-01-14 00:00:00,100.1249759075435,100.37030579730359,99.58641250076981,100.1249759075435,6856,70.69276942731928,0.550931640951522,99.14536087517168,False,False,ranging,False,False,False,False,0.0,0.7838932965337762,False,False,0,101234
2023-01-14 01:00:00,100.45514244713871,100.8722047118439,100.3861212193813,100.45514244713871,2015,70.73723170402485,0.5753506597046112,99.26467131891202,False,False,ranging,False,False,False,False,0.0,0.48608349246261184,False,False,0,101234
2023-01-14 02:00:00,100.78054630153896,100.94788939344453,100.63122337481154,100.78054630153896,2384,71.37334404186522,0.5714444821274013,99.38325991343194,False,False,ranging,False,False,False,False,0.0,0.3166660186329864,False,False,0,101234
2023-01-14 03:00:00,101.3027378244007,101.3058436103537,101.10296054878435,101.3027378244007,9745,82.17744431258902,0.5627384120651898,99.52081777437567,False,False,ranging,False,False,False,False,0.0,0.2028830615693522,False,False,0,101234
2023-01-14 04:00:00,101.3111393610538,101.70469023075886,101.18466337786947,101.3111393610538,3350,87.70472020267817,0.557238123481912,99.67265390405724,False,False,ranging,False,False,False,False,0.0,0.5200268528893872,False,False,0,101234
2023-01-14 05:00:00,101.58392054957179,101.9034546484944,101.3322383994309,101.58392054957179,2269,87.60828680241922,0.57444597479496,99.82013709565607,False,False,ranging,False,False,False,False,0.0,0.5712162490634967,False,False,0,101234
2023-01-14 06:00:00,101.45981384693441,101.55138125824081,101.27463789097033,101.45981384693441,2260,83.2817823692766,0.5629039036935473,99.95526896170549,False,False,ranging,False,False,False,False,0.0,0.276743367270484,False,False,0,101234
2023-01-14 07:00:00,101.58948038792978,101.77233404857756,101.42198986174597,101.58948038792978,8701,84.14092733630444,0.5336675456096387,100.08062691242789,False,False,ranging,False,False,False,False,0.0,0.35034418683159174,False,False,0,101234
2023-01-14 08:00:00,101.5374231661827,101.59351455707834,101.2073768962912,101.5374231661827,9376,82.60610281532249,0.4753548098559404,100.19078942522447,False,False,ranging,False,False,False,False,0.0,0.38613766078714207,False,False,0,101234
2023-01-14 09:00:00,101.57622155217979,101.59321652964893,101.44437118299372,101.57622155217979,5563,79.74038855903555,0.4488780270794471,100.31947175753933,False,False,ranging,False,False,False,False,0.0,0.14884534665520732,False,False,0,101234
2023-01-14 10:00:00,101.81428436235456,101.97319218866157,101.58060341130093,101.81428436235456,7897,88.00135282133931,0.45640539103168515,100.47126085116689,False,False,ranging,False,False,False,False,0.0,0.39258877736064335,False,False,0,101234
2023-01-14 11:00:00,101.48699608906117,101.50814572247889,101.3496642292156,101.48699608906117,6672,77.44237484269817,0.45069199895464607,100.59173965902731,False,False,ranging,False,False,False,False,0.0,0.15848149326328098,False,False,0,101234
2023-01-14 12:00:00,102.32395099933535,102.46990149248322,101.82160326933109,102.32395099933535,6593,84.17868509421665,0.4917062350829257,100.74185880709277,False,False,ranging,False,False,False,False,0.0,0.6482982231521248,False,False,0,101234
2023-01-14 13:00:00,101.92154404673548,101.94088637117851,101.91986524108677,101.92154404673548,7155,77.62093529210965,0.5074785914608212,100.87227563940752,False,False,ranging,False,False,False,False,0.0,0.021021130091739337,False,False,0,101234
2023-01-14 14:00:00,101.43586860162038,102.02850857152654,101.23524610494263,101.43586860162038,6543,66.01007448217742,0.5081478178929737,100.97606215180033,False,False,ranging,False,False,False,False,0.0,0.7932624665839114,False,False,0,101234
2023-01-14 15:00:00,101.89911295102041,102.18091356916604,101.57160268817861,101.89911295102041,8240,67.08016257457152,0.5079918295533484,101.07745758374739,False,False,ranging,False,False,False,False,0.0,0.6093108809874224,False,False,0,101234
2023-01-14 16:00:00,102.21577802860558,102.25900429532207,102.09964811786327,102.21577802860558,5683,67.0119647106325,0.49850214369590873,101.20651769735042,False,False,ranging,False,False,False,False,0.0,0.15935617745880393,False,False,0,101234
2023-01-14 17:00:00,102.46542595542644,102.82833437827877,102.2567646281567,102.46542595542644,2881,64.73339635712813,0.5047349323286545,101.33711825967109,False,False,ranging,False,False,False,False,0.0,0.571569750122066,False,False,0,101234
2023-01-14 18:00:00,102.71676415913215,102.89674277813101,102.4620335259092,102.71676415913215,9713,66.778795512579,0.498640817995256,101.48432958522571,False,False,ranging,False,False,False,False,0.0,0.4347092522218077,False,False,0,101234
2023-01-14 19:00:00,102.71186544999338,103.17109069969649,102.62367536569413,102.71186544999338,4809,64.38407454289762,0.4954336784639537,101.63564959938796,True,False,bullish,False,False,False,False,0.0,0.5474153340023662,False,False,0,101234
2023-01-14 20:00:00,102.35296370139905,102.71859225690824,102.33148392584162,102.35296370139905,6807,60.74632358175329,0.5009926550686075,101.74704898908072,False,False,ranging,False,False,False,False,0.0,0.3871083310666137,False,False,0,101234
2023-01-14 21:00:00,102.38328552467654,102.4473183859556,101.9279234006723,102.38328552467654,5883,59.7849346085631,0.5130677121008722,101.84345614295763,False,False,ranging,False,False,False,False,0.0,0.5193949852832986,False,False,0,101234
2023-01-14 22:00:00,102.11242084007169,102.55963868112667,102.00531207982971,102.11242084007169,8206,56.72500997598753,0.5250812078515738,101.91004986988426,False,False,ranging,False,False,False,False,0.0,0.5543266012969639,False,False,0,101234
2023-01-14 23:00:00,102.50246873343879,102.54706897059943,102.23535378438285,102.50246873343879,5155,60.01062853328424,0.5454956924138971,101.97003641533617,False,False,ranging,False,False,False,False,0.0,0.3117151862165741,False,False,0,101234
2023-01-15 00:00:00,102.44364578083794,102.54477157217335,102.27108427600596,102.44364578083794,5673,57.076121489027436,0.536689739534297,102.02666173632537,False,False,ranging,False,False,False,False,0.0,0.2736872961673811,False,False,0,101234
2023-01-15 01:00:00,102.11344690212094,102.29746770118322,101.96324718570658,102.11344690212094,2409,57.03878970056336,0.5378167725337549,102.05313805395282,False,False,ranging,False,False,False,False,0.0,0.33422051547664466,False,False,0,101234
2023-01-15 02:00:00,101.98489256545975,102.07563347140618,101.96996045930545,101.98489256545975,6197,45.46905825987728,0.47785827534757175,102.0793919898791,False,False,ranging,False,False,False,False,0.0,0.10567301210072344,False,False,0,101234
2023-01-15 03:00:00,102.15006514717,102.26651819273236,102.14794619958154,102.15006514717,8452,53.26053047967414,0.46911112313500275,102.1074212278411,False,False,ranging,False,False,False,False,0.0,0.11857199315082312,False,False,0,101234
2023-01-15 04:00:00,101.92457532604841,101.97570019276105,101.72647898420638,101.92457532604841,9718,57.53207872864197,0.4427056728764102,102.12677883583439,False,False,ranging,False,False,False,False,0.0,0.24922120855467256,False,False,0,101234
2023-01-15 05:00:00,101.59568716782184,101.6438593621368,101.38603864176108,101.59568716782184,3172,45.12147831573648,0.42795508121510195,102.1277521166165,False,False,ranging,False,False,False,False,0.0,0.2578207203757188,False,False,0,101234
2023-01-15 06:00:00,101.6931620524186,101.69407585846463,101.56687016910179,101.6931620524186,1279,40.96014859188676,0.4113346772909005,102.1216960011197,False,False,ranging,False,False,False,False,0.0,0.12720568936283883,False,False,0,101234
2023-01-15 07:00:00,101.7911486808621,101.922230131786,101.64354302646426,101.7911486808621,4977,37.6910040059518,0.38748687412294,102.13690363070974,False,False,ranging,False,False,False,False,0.0,0.2786871053217368,False,False,0,101234
2023-01-15 08:00:00,101.58837141071365,101.94556529314956,101.43056095791337,101.58837141071365,3669,29.029278309392282,0.3932222371953955,102.10012465127866,False,False,ranging,False,False,False,False,0.0,0.5150043352361848,False,False,0,101234
2023-01-15 09:00:00,101.39995608846633,101.68482232909872,100.75395321250495,101.39995608846633,8825,27.175587035289297,0.4206117930947814,102.0740452533652,False,False,ranging,False,False,False,False,0.0,0.9308691165937688,False,False,0,101234
2023-01-15 10:00:00,101.49277606340938,101.93824545394435,101.16363024988327,101.49277606340938,4981,33.50763049613859,0.44829085545152886,102.07689062645466,False,False,ranging,False,False,False,False,0.0,0.7746152040610781,False,False,0,101234
2023-01-15 11:00:00,100.91354232681046,101.67971866728104,100.76989109000793,100.91354232681046,5769,26.720606052068007,0.47617889773651506,102.02761209524415,False,False,ranging,False,False,False,False,0.0,0.9098275772731057,False,False,0,101234
2023-01-15 12:00:00,100.35055681705984,100.63085279043162,100.0917240878469,100.35055681705984,6247,24.4573574721138,0.495285443284129,101.93435103466686,False,False,ranging,False,False,False,False,0.0,0.5391287025847191,False,False,0,101234
2023-01-15 13:00:00,100.06317912855887,100.4732427380835,99.85513545498468,100.06317912855887,5427,13.551323153882791,0.5083896684677782,101.81423869332349,False,False,ranging,False,False,False,False,0.0,0.6181072830988228,False,False,0,101234
2023-01-15 14:00:00,99.97780026787413,100.04522988844194,99.86019647589839,99.97780026787413,7135,13.444624672705913,0.5033393367887139,101.67729049876058,False,False,ranging,False,False,False,False,0.0,0.18503341254354666,False,False,0,101234
2023-01-15 15:00:00,100.10216329411334,100.45319720193115,99.78418237889936,100.10216329411334,6573,18.245408704827042,0.5168119244958872,101.54680539096657,False,True,bearish,False,False,False,False,0.0,0.6690148230317874,False,False,0,101234
2023-01-15 16:00:00,100.69230578089316,101.23289991216717,100.50720399602015,100.69230578089316,5131,32.188443365105826,0.5873297941557689,101.4637724949413,False,False,ranging,False,False,False,False,0.0,0.7256959161470178,False,False,0,101234
2023-01-15 17:00:00,101.03536963017397,101.19780844863541,100.83029883321383,101.03536963017397,8189,35.357603879950716,0.6033210113321711,101.39637670021615,False,False,ranging,False,False,False,False,0.0,0.3675096154215822,False,False,0,101234
2023-01-15 18:00:00,100.9713942181886,101.1991407662794,100.56160750482844,100.9713942181886,5535,36.92439293718479,0.6186029469384096,101.33932536912201,False,False,ranging,False,False,False,False,0.0,0.6375332614509546,False,False,0,101234
2023-01-15 19:00:00,100.96378773502754,101.13674085524555,100.60020453941162,100.96378773502754,3776,40.4937535005086,0.6184600634774517,101.26239131920144,False,False,ranging,False,False,False,False,0.0,0.5365363158339278,False,False,0,101234
2023-01-15 20:00:00,100.56277598917241,101.34008867681588,100.48440082980225,100.56277598917241,8697,34.4176584276202,0.6704945033096509,101.16834782961817,False,False,ranging,False,False,False,False,0.0,0.8556878470136269,False,False,0,101234
2023-01-15 21:00:00,100.55537073477545,100.71924406925119,100.44458759300159,100.55537073477545,9386,32.52851461647721,0.67020660123307,101.09044402125089,False,False,ranging,False,False,False,False,0.0,0.27465647624960354,False,False,0,101234
2023-01-15 22:00:00,100.43990727920739,100.55744848082816,100.39689073900472,100.43990727920739,1662,33.35193843832717,0.6448889874178738,101.01319475693828,False,False,ranging,False,False,False,False,0.0,0.16055774182343896,False,False,0,101234
2023-01-15 23:00:00,100.56899470334263,101.01266817397486,100.03612413347312,100.56899470334263,9671,37.74362472650711,0.6481514819827286,100.9341412347469,False,False,ranging,False,False,False,False,0.0,0.9765440405017358,False,False,0,101234
2023-01-16 00:00:00,100.2381023259217,100.29311030185545,100.1155064824775,100.2381023259217,9044,32.70840509963186,0.6252138403258749,100.84981758474058,False,False,ranging,False,False,False,False,0.0,0.1776038193779499,False,False,0,101234
2023-01-16 01:00:00,100.44584093161816,100.45043388637006,100.13702947916354,100.44584093161816,5218,42.818938762651776,0.5826121853211187,100.79232527293038,False,False,ranging,False,False,False,False,0.0,0.3134044072065194,False,False,0,101234
2023-01-16 02:00:00,101.0589364968192,101.23272394669952,100.65313541106615,101.0589364968192,6060,60.71159500652097,0.5801168121866758,100.76061399515041,False,False,ranging,False,False,False,False,0.0,0.579588535633377,False,False,0,101234
2023-01-16 03:00:00,101.01543243743646,101.0513065479607,100.55872468157109,101.01543243743646,6874,65.54583235155305,0.5716957073401961,100.72182818297912,False,False,ranging,False,False,False,False,0.0,0.49258186638961377,False,False,0,101234
2023-01-16 04:00:00,101.17611712627604,101.4680378085405,100.84231061377906,101.17611712627604,6581,69.09343067495323,0.6018917460616932,100.70121546875725,False,False,ranging,False,False,False,False,0.0,0.6257271947614385,False,False,0,101234
2023-01-16 05:00:00,101.45217472296048,101.81114617345983,101.26339570485264,101.45217472296048,3014,70.5185811209157,0.5994641906439792,100.70382640048196,False,False,ranging,False,False,False,False,0.0,0.547750468607191,False,False,0,101234
2023-01-16 06:00:00,101.29168653420615,101.33924540611424,100.8315682212312,101.29168653420615,4789,60.478410790803515,0.5630263251922258,100.69377192402179,False,False,ranging,False,False,False,False,0.0,0.5076771848830504,False,False,0,101234
2023-01-16 07:00:00,101.38132352693032,101.3895148887833,101.22058308801462,101.38132352693032,8148,56.635992214716616,0.5389855489798278,100.7171609840278,False,False,ranging,False,False,False,False,0.0,0.1689318007686751,False,False,0,101234
2023-01-16 08:00:00,101.38636048724304,101.666340874965,100.87415309996516,101.38636048724304,8766,58.14390898268362,0.5500322999476056,100.76895116753695,False,False,ranging,False,False,False,False,0.0,0.7921877749998458,False,False,0,101234
2023-01-16 09:00:00,101.42543092666257,101.55841560202002,101.09047359467797,101.42543092666257,3364,58.94944092937835,0.5451327064838998,100.83706375744214,False,False,ranging,False,False,False,False,0.0,0.46794200734204594,False,False,0,101234
2023-01-16 10:00:00,101.11622701312038,101.38166782732846,100.7454835271183,101.11622701312038,4629,61.125245144620365,0.5325798173789461,100.89398509470445,False,False,ranging,False,False,False,False,0.0,0.6361843002101608,False,False,0,101234
2023-01-16 11:00:00,101.12603108282396,101.17791490080099,101.07926162944295,101.12603108282396,6919,61.460127761486675,0.520008159886691,100.94517848413999,False,False,ranging,False,False,False,False,0.0,0.0986532713580317,False,False,0,101234
2023-01-16 12:00:00,101.32523039932214,101.83874294336484,101.16074421037496,101.32523039932214,6675,67.20075873113151,0.5594477397950796,100.97682471506143,False,False,ranging,False,False,False,False,0.0,0.6779987329898773,False,False,0,101234
2023-01-16 13:00:00,101.90568784244016,102.31725818531956,101.85768237468432,101.90568784244016,9872,72.09504942482447,0.5605537216162,101.02034062567475,False,False,ranging,False,False,False,False,0.0,0.45957581063524344,False,False,0,101234
2023-01-16 14:00:00,102.28939617287425,102.77346459223727,102.13886135202398,102.28939617287425,7638,83.32526017012998,0.5901457593970564,101.08624072340902,False,False,ranging,False,False,False,False,0.0,0.6346032402132948,False,False,0,101234
2023-01-16 15:00:00,103.15066915587887,103.59202025412695,102.81544951110814,103.15066915587887,5651,86.24589044979626,0.6608043075432123,101.19558479445159,False,False,ranging,False,False,False,False,0.0,0.7765707430188087,False,False,0,101234
2023-01-16 16:00:00,102.84373013072366,102.90652723386921,102.40918036175577,102.84373013072366,1609,76.05489459405675,0.6575618631890511,101.30963250152915,False,False,ranging,False,False,False,False,0.0,0.49734687211343953,False,False,0,101234
2023-01-16 17:00:00,103.19265838541193,103.39338020700991,103.0847277916752,103.19265838541193,8940,79.18151498636603,0.6610931675489188,101.44149688406097,False,False,ranging,False,False,False,False,0.0,0.30865241533470567,False,False,0,101234
2023-01-16 18:00:00,103.26599518770728,103.57796659392609,102.86818088188267,103.26599518770728,4866,78.68237125071566,0.6670973473547751,101.58280127948596,False,False,ranging,False,False,False,False,0.0,0.709785712043427,False,False,0,101234
2023-01-16 19:00:00,104.14191636099434,104.3236010229154,104.01787681265736,104.14191636099434,1371,81.69619573659897,0.6972814036422272,101.76144736236856,False,False,ranging,False,False,False,False,0.0,0.30572421025803465,False,False,0,101234
2023-01-16 20:00:00,103.81859704685229,104.36639996091637,103.74051289487743,103.81859704685229,7998,78.67686263938654,0.6976585868072027,101.94047209841509,True,False,bullish,False,False,False,False,0.0,0.625887066038942,False,False,0,101234
2023-01-16 21:00:00,103.48270830997998,103.68608607138177,103.1935806321168,103.48270830997998,1615,72.58539973932582,0.7302360592334034,102.09231546733318,False,False,ranging,False,False,False,False,0.0,0.49250543926495993,False,False,0,101234
2023-01-16 22:00:00,103.24295125180238,103.3893246742461,102.95580597733387,103.24295125180238,7911,68.99594988731454,0.7112870990652799,102.20151620508234,False,False,ranging,False,False,False,False,0.0,0.43351869691223044,False,False,0,101234
2023-01-16 23:00:00,102.39339296207847,103.04058542605812,102.2902565976135,102.39339296207847,7010,58.49492684315378,0.7459122881257676,102.27041423131445,False,False,ranging,False,False,False,False,0.0,0.7503288284446086,False,False,0,101234
2023-01-17 00:00:00,102.18309095340616,102.36480543030717,102.16849524793503,102.18309095340616,3253,59.52830550926801,0.713408739168565,102.32076292267094,False,False,ranging,False,False,False,False,0.0,0.19631018237214448,False,False,0,101234
2023-01-17 01:00:00,101.87943788878468,102.10206650038747,101.8695987901612,101.87943788878468,5942,56.3932101859129,0.7287543743033454,102.34212608096215,False,False,ranging,False,False,False,False,0.0,0.23246771022625978,False,False,0,101234
2023-01-17 02:00:00,101.93959540337517,102.02938317749711,101.71204680296515,101.93959540337517,1864,55.33933292935244,0.7005132681598515,102.3745215244206,False,True,bearish,False,False,False,False,0.0,0.31733637453196195,False,False,0,101234
2023-01-17 03:00:00,102.07629779368602,102.46682018050566,102.0071775794243,102.07629779368602,2268,51.60666466063633,0.6673130532407855,102.40927023775839,False,False,ranging,False,False,False,False,0.0,0.4596426010813701,False,False,0,101234
2023-01-17 04:00:00,102.82676612937237,103.29521948839043,102.54949618609189,102.82676612937237,8454,54.73353200875772,0.6923948350198776,102.48129051986484,False,False,ranging,False,False,False,False,0.0,0.7457233022985434,False,False,0,101234
2023-01-17 05:00:00,103.20693566464679,103.21653690936652,102.93987614130936,103.20693566464679,9976,50.54153425808945,0.6271910277871241,102.57036575676406,False,False,ranging,False,False,False,False,0.0,0.27666076805716955,False,False,0,101234
2023-01-17 06:00:00,102.97617420238183,103.20219956348568,102.6655994019647,102.97617420238183,5571,51.29367102534497,0.6128944183984808,102.66336311622713,False,False,ranging,False,False,False,False,0.0,0.5366001615209797,False,False,0,101234
2023-01-17 07:00:00,102.61680833384249,102.75479997672421,102.06295197517106,102.61680833384249,6229,44.38672780758737,0.6388638577502316,102.73790197877807,False,False,ranging,False,False,False,False,0.0,0.6918480015531543,False,False,0,101234
2023-01-17 08:00:00,102.81357600244509,103.01689061337072,102.53472274438737,102.81357600244509,3237,45.69353641813783,0.6226054403887977,102.81231925893421,False,False,ranging,False,False,False,False,0.0,0.4821678689833533,False,False,0,101234
2023-01-17 09:00:00,102.28548271963683,102.88949889389482,101.83652394310981,102.28548271963683,5054,31.075972824120413,0.6222746629300043,102.83130900279404,False,False,ranging,False,False,False,False,0.0,1.0529749507850141,False,False,0,101234
2023-01-17 10:00:00,103.01806622597857,103.05902682530339,102.8230590456565,103.01806622597857,1935,42.468043222468474,0.632821594331977,102.86774250544927,False,False,ranging,False,False,False,False,0.0,0.23596777964688442,False,False,0,101234
2023-01-17 11:00:00,103.48984227426709,103.59943873966073,103.46481088332999,103.48984227426709,7394,50.06544782021822,0.6297041728281678,102.88470116136867,False,False,ranging,False,False,False,False,0.0,0.13462785633073793,False,False,0,101234
2023-01-17 12:00:00,103.3021720134252,103.35757610518468,102.86727844751564,103.3021720134252,8891,50.54854057867688,0.6365371366928342,102.90762325550375,False,False,ranging,False,False,False,False,0.0,0.4902976576690321,False,False,0,101234
2023-01-17 13:00:00,102.61691820178885,103.02105608864775,102.34036025785126,102.61691820178885,1325,52.1354317434083,0.6371883582203394,102.87883624632259,False,False,ranging,False,False,False,False,0.0,0.6806958307964948,False,False,0,101234
2023-01-17 14:00:00,103.15846715145501,103.44995136300821,102.85727993983056,103.15846715145501,8774,58.76353241959111,0.6806266044400482,102.87345984451,False,False,ranging,False,False,False,False,0.0,0.5926714231776486,False,False,0,101234
2023-01-17 15:00:00,103.11265121335397,103.4727753857373,103.05047101453428,103.11265121335397,4861,61.61844784240235,0.6883989050084806,102.82199658712796,False,False,ranging,False,False,False,False,0.0,0.4223043712030119,False,False,0,101234
2023-01-17 16:00:00,103.60777773814335,103.80484602183478,103.58697443703248,103.60777773814335,2985,64.52588159209513,0.7151745074333979,102.81145562169252,True,False,bullish,False,False,False,False,0.0,0.21787158480229607,False,False,0,101234
2023-01-17 17:00:00,102.97000667462561,103.2840799694302,102.75348540862443,102.97000667462561,5932,57.15749016879461,0.7385364754611429,102.7858205399248,False,False,ranging,False,False,False,False,0.0,0.530594560805767,False,False,0,101234
2023-01-17 18:00:00,102.7302566654441,102.8912524912023,102.67721040380228,102.7302566654441,5603,49.15821858222304,0.6723846594696374,102.76018581060687,False,False,ranging,False,False,False,False,0.0,0.21404208740001707,False,False,0,101234
2023-01-17 19:00:00,102.73235414533137,103.08806539173027,102.5683501199552,102.73235414533137,3778,45.56828845568021,0.6816664088825602,102.77713386976953,False,False,ranging,False,False,False,False,0.0,0.5197152717750697,False,False,0,101234
2023-01-17 20:00:00,102.75114638283726,102.96683237603678,102.66964984973944,102.75114638283726,9832,47.81204042855881,0.6642268562836487,102.80553664124109,False,False,ranging,False,False,False,False,0.0,0.297182526297334,False,False,0,101234
2023-01-17 21:00:00,102.57112019424557,102.86993449998731,102.06908456715601,102.57112019424557,8754,49.53971924374983,0.6562002638279724,102.84012075651412,False,False,ranging,False,False,False,False,0.0,0.8008499328312979,False,False,0,101234
2023-01-17 22:00:00,102.82026016718457,103.04729869375541,102.41812185164747,102.82026016718457,5078,50.066635805737974,0.6667009047654427,102.88415399470459,False,False,ranging,False,False,False,False,0.0,0.6291768421079382,False,False,0,101234
2023-01-17 23:00:00,102.39321199543153,102.81975519545408,102.00333762435325,102.39321199543153,2367,51.09605722184443,0.6498400184830361,102.89999970479187,False,False,ranging,False,False,False,False,0.0,0.8164175711008284,False,False,0,101234
2023-01-18 00:00:00,102.33626020142302,102.78666029700966,102.08734047605927,102.33626020142302,5042,41.957498593233254,0.6445382838604529,102.8754744083944,False,False,ranging,False,False,False,False,0.0,0.699319820950393,False,False,0,101234
2023-01-18 01:00:00,102.38437845410778,102.48118240576042,102.1409594877603,102.38437845410778,3575,35.51203464203185,0.6273133127403077,102.83434654786745,False,False,ranging,False,False,False,False,0.0,0.34022291800012283,False,False,0,101234
2023-01-18 02:00:00,102.59015398773127,102.66540389266778,102.24567500110548,102.59015398773127,7754,40.71252390826527,0.6128251030839402,102.81504553713492,False,False,ranging,False,False,False,False,0.0,0.41972889156230053,False,False,0,101234
2023-01-18 03:00:00,102.87479993896683,103.27325818152154,102.62916664584037,102.87479993896683,2581,53.756352780568406,0.5929174200993919,102.82794511739114,False,False,ranging,False,False,False,False,0.0,0.6440915356811701,False,False,0,101234
2023-01-18 04:00:00,102.42494310223168,102.59181210505187,101.96356352670792,102.42494310223168,2986,39.02211161248379,0.5985033666022171,102.80851347238047,False,False,ranging,False,False,False,False,0.0,0.6282485783439569,False,False,0,101234
2023-01-18 05:00:00,101.81129743393743,101.94806376556191,101.4745339920641,101.81129743393743,3240,33.35330711723337,0.6362251336711152,102.78480420809551,False,True,bearish,False,False,False,False,0.0,0.4735297734978161,False,False,0,101234
2023-01-18 06:00:00,102.32236816269683,102.97186886616716,102.04711731639256,102.32236816269683,4966,33.624061876304935,0.6696806067960382,102.75001930493143,False,False,ranging,False,False,False,False,0.0,0.924751549774598,False,False,0,101234
2023-01-18 07:00:00,102.45529376748867,102.64834923660271,102.14999532743562,102.45529376748867,8604,42.47461518098595,0.6442564339137645,102.69829187959249,False,False,ranging,False,False,False,False,0.0,0.49835390916709343,False,False,0,101234
2023-01-18 08:00:00,102.15589915286604,102.43425119129041,102.07445055961834,102.15589915286604,9320,41.74652503960733,0.6505455008456928,102.64097823656452,False,False,ranging,False,False,False,False,0.0,0.35980063167207277,False,False,0,101234
2023-01-18 09:00:00,102.77635994307505,102.79346388054418,102.6109170605032,102.77635994307505,6968,50.53693732754028,0.6589633191244835,102.64895032362885,False,False,ranging,False,False,False,False,0.0,0.182546820040983,False,False,0,101234
2023-01-18 10:00:00,102.8226297967922,102.90320748045117,102.72045303187205,102.8226297967922,8493,50.866396319979195,0.6507898850017538,102.6321584558957,False,False,ranging,False,False,False,False,0.0,0.18275444857911793,False,False,0,101234
2023-01-18 11:00:00,103.29434867041773,103.75288919834149,103.17713989413929,103.29434867041773,5103,58.18683232995743,0.6600334184816106,102.6412433287489,False,False,ranging,False,False,False,False,0.0,0.5757493042022048,False,False,0,101234
2023-01-18 12:00:00,103.32135606298178,103.47370678986867,102.92341442448846,103.32135606298178,3076,55.9726940138915,0.654398813001059,102.62692224499082,False,False,ranging,False,False,False,False,0.0,0.5502923653802156,False,False,0,101234
2023-01-18 13:00:00,104.14565523293457,104.30714405664946,103.83145992094813,104.14565523293457,6231,69.08089508537515,0.666460630917942,102.68570467290627,False,False,ranging,False,False,False,False,0.0,0.4756841357013286,False,False,0,101234
2023-01-18 14:00:00,104.84779156991185,105.16954377110478,104.49691457218351,104.84779156991185,3994,73.9772314781402,0.6896441107193577,102.79158141812965,False,False,ranging,False,False,False,False,0.0,0.6726291989212712,False,False,0,101234
2023-01-18 15:00:00,104.74820591052021,104.85769172938308,104.6793886872998,104.74820591052021,4744,72.34751341120516,0.6780784052967255,102.8923740063891,False,False,ranging,False,False,False,False,0.0,0.17830304208327163,False,False,0,101234
2023-01-18 16:00:00,105.13683429090196,105.38859719110366,105.1237912059578,105.13683429090196,6594,73.2716112093662,0.6938400045125215,103.01165840179233,False,False,ranging,False,False,False,False,0.0,0.2648059851458555,False,False,0,101234
2023-01-18 17:00:00,105.39498467073602,105.70842742894233,104.9356524199693,105.39498467073602,8531,73.14155347065356,0.7002450627398612,103.15285162561686,False,False,ranging,False,False,False,False,0.0,0.7727750089730279,False,False,0,101234
2023-01-18 18:00:00,105.94243729374897,106.53234427056177,105.78816086694361,105.94243729374897,8371,81.730609189033,0.7163967189946346,103.30896048194506,True,False,bullish,False,False,False,False,0.0,0.7441834036181518,False,False,0,101234
2023-01-18 19:00:00,105.55646790951693,106.17333004849903,105.38485067700269,105.55646790951693,2644,85.23162086381018,0.7048303090895455,103.46712327764935,False,False,ranging,False,False,False,False,0.0,0.7884793714963365,False,False,0,101234
2023-01-18 20:00:00,105.8308884935163,106.1618510032328,105.8122311884165,105.8308884935163,4144,84.54342664136144,0.6651739991956985,103.64185469225399,False,False,ranging,False,False,False,False,0.0,0.34961981481629323,False,False,0,101234
2023-01-18 21:00:00,106.25425828825614,106.32063437533188,105.91695228029499,106.25425828825614,1242,85.37959460251665,0.6645591400991618,103.83534868396143,False,False,ranging,False,False,False,False,0.0,0.4036820950368849,False,False,0,101234
2023-01-18 22:00:00,105.55076249368689,105.63380648365357,105.4505393243929,105.55076249368689,5085,79.40311720842092,0.6947645512415122,103.9833791092592,False,False,ranging,False,False,False,False,0.0,0.18326715926066584,False,False,0,101234
2023-01-18 23:00:00,105.07745908862059,105.16968109796332,104.9080773108525,105.07745908862059,8954,70.45127825230409,0.6951302980383868,104.0935120667419,False,False,ranging,False,False,False,False,0.0,0.2616037871108148,False,False,0,101234
2023-01-19 00:00:00,104.26176621751655,104.50648738127835,103.95586691590891,104.26176621751655,8269,61.25163813167491,0.7621901354764263,104.18535322250614,False,True,bearish,False,False,False,False,0.0,0.550620465369434,False,False,0,101234
2023-01-19 01:00:00,104.15400348373873,104.41214553024666,104.14693783847646,104.15400348373873,8130,57.12664306650472,0.7146864419207769,104.30248852499619,False,False,ranging,False,False,False,False,0.0,0.2652076917702004,False,False,0,101234
2023-01-19 02:00:00,104.44102038605712,104.6159436176278,104.38871410868627,104.44102038605712,7828,58.8985358126439,0.7083755682428381,104.40842113616421,False,False,ranging,False,False,False,False,0.0,0.2272295089415337,False,False,0,101234
2023-01-19 03:00:00,105.04196320689553,105.09209972103146,104.97437083028325,105.04196320689553,9362,57.38561847363819,0.6844678069075992,104.53775460813456,False,False,ranging,False,False,False,False,0.0,0.1177288907482108,False,False,0,101234
2023-01-19 04:00:00,105.07160111906344,105.15637510420993,104.96074304041343,105.07160111906344,9844,52.07406620465842,0.6253066301666195,104.68353970644444,False,False,ranging,False,False,False,False,0.0,0.195632063796495,False,False,0,101234
2023-01-19 05:00:00,105.72304733729196,105.79765467514703,105.68360555859046,105.72304733729196,7331,58.19567785373205,0.6644316668809276,104.83087407615528,False,False,ranging,False,False,False,False,0.0,0.11404911655657202,False,False,0,101234
2023-01-19 06:00:00,105.171006754006,105.653210426812,104.92319260257355,105.171006754006,4512,50.279611598339436,0.6758219136048537,104.94829292401596,False,False,ranging,False,False,False,False,0.0,0.7300178242384447,False,False,0,101234
2023-01-19 07:00:00,104.48965377826394,104.63694626375542,104.35862450709247,104.48965377826394,2499,43.072053025958446,0.6786510020291752,105.00805817940827,False,False,ranging,False,False,False,False,0.0,0.27832175666294745,False,False,0,101234
2023-01-19 08:00:00,104.46743469870529,104.68789803452023,103.98546156848369,104.46743469870529,3158,37.72604973374214,0.6475850639013753,105.06536211119446,False,False,ranging,False,False,False,False,0.0,0.702436466036545,False,False,0,101234
2023-01-19 09:00:00,104.62106087828101,104.81992525888124,104.09618570701939,104.62106087828101,6162,41.90309955804605,0.6429607910703409,105.08913239346177,False,False,ranging,False,False,False,False,0.0,0.7237395518618541,False,False,0,101234
2023-01-19 10:00:00,104.60798297904337,104.96002513628896,104.19354675543623,104.60798297904337,5039,38.91288483350311,0.6544675972944022,105.07714196391835,False,False,ranging,False,False,False,False,0.0,0.7664783808527318,False,False,0,101234
2023-01-19 11:00:00,103.78100613902743,103.83531260663854,103.39332733049574,103.78100613902743,3035,29.10607743208604,0.7062468663466918,105.02878197534372,False,False,ranging,False,False,False,False,0.0,0.4419852761428018,False,False,0,101234
2023-01-19 12:00:00,103.74535812322232,104.13440770760907,103.53844578164876,103.74535812322232,8977,32.80811042870417,0.6914070779250545,104.95920816695973,False,False,ranging,False,False,False,False,0.0,0.5959619259603102,False,False,0,101234
2023-01-19 13:00:00,103.22357032302038,103.34347670854618,103.07267789185498,103.22357032302038,1857,32.507938188525415,0.693549581391694,104.85063744957395,False,False,ranging,False,False,False,False,0.0,0.27079881669119743,False,False,0,101234
2023-01-19 14:00:00,103.4914393425524,103.68684641068995,103.41239317795308,103.4914393425524,4823,41.89369377941581,0.6465270038886867,104.7280875520141,False,False,ranging,False,False,False,False,0.0,0.2744532327368745,False,False,0,101234
2023-01-19 15:00:00,103.63807864099114,103.79666364551606,103.54981140228709,103.63807864099114,7770,44.61487975282148,0.6493853332596485,104.63216808858783,False,False,ranging,False,False,False,False,0.0,0.2468522432289717,False,False,0,101234
2023-01-19 16:00:00,103.2621267264602,103.43803593208672,103.1918043863653,103.2621267264602,1298,37.91923205512305,0.6482663418837029,104.50373000023504,False,False,ranging,False,False,False,False,0.0,0.2462315457214146,False,False,0,101234
2023-01-19 17:00:00,103.05657995952552,103.42806488095562,102.8214502598496,103.05657995952552,8244,27.86058512011836,0.6450902908931084,104.34384608379848,False,False,ranging,False,False,False,False,0.0,0.6066146211060186,False,False,0,101234
2023-01-19 18:00:00,102.63289455076995,102.63927602379077,102.42573223507507,102.63289455076995,1923,25.002331260586118,0.6761771237969622,104.19795268665264,False,False,ranging,False,False,False,False,0.0,0.2135437887156968,False,False,0,101234
2023-01-19 19:00:00,102.60782291186068,102.70047281564037,102.33296533721631,102.60782291186068,5232,13.363174803559403,0.6505666896784247,104.07447087781466,False,False,ranging,False,False,False,False,0.0,0.3675074784240593,False,False,0,101234
2023-01-19 20:00:00,102.98987984006118,103.50054432345175,102.74033317759205,102.98987984006118,5306,23.280390844411684,0.6572000237407575,104.01087655894189,False,False,ranging,False,False,False,False,0.0,0.7602111458596994,False,False,0,101234
2023-01-19 21:00:00,102.59558942152697,102.66781537537354,102.57543593451216,102.59558942152697,3799,25.04162987656855,0.6287758565004354,103.9329558558313,False,False,ranging,False,False,False,False,0.0,0.09237944086137873,False,False,0,101234
2023-01-19 22:00:00,102.7972080277341,103.57771296198823,102.58248003100087,102.7972080277341,7578,28.984762342351985,0.6496898897112077,103.85076523791513,False,False,ranging,False,False,False,False,0.0,0.9952329309873562,False,False,0,101234
2023-01-19 23:00:00,102.58510498038513,102.75475787407458,102.38048936067133,102.58510498038513,5875,24.75455719183185,0.6277598265112729,103.72792232658962,False,False,ranging,False,False,False,False,0.0,0.3742685134032513,False,False,0,101234
2023-01-20 00:00:00,102.26795584748018,102.79618467522693,101.82178200087941,102.26795584748018,6326,23.018749215776822,0.6426115617609004,103.58774006301046,False,False,ranging,False,False,False,False,0.0,0.974402674347516,False,False,0,101234
2023-01-20 01:00:00,102.22514370349836,102.45114618982971,102.05112773108735,102.22514370349836,7582,28.100202209817027,0.5844231910605241,103.41284488132078,False,False,ranging,False,False,False,False,0.0,0.4000184587423661,False,False,0,101234
2023-01-20 02:00:00,101.81104677453061,101.92539428999544,101.73922542436999,101.81104677453061,2802,25.394692337006177,0.5765629305725284,103.24484688234699,False,False,ranging,False,False,False,False,0.0,0.1861688656254472,False,False,0,101234
2023-01-20 03:00:00,101.58958705239174,101.97651287861656,101.43968151930086,101.58958705239174,3657,27.49551928026503,0.566859439711697,103.09984354605339,False,False,ranging,False,False,False,False,0.0,0.5368313593156984,False,False,0,101234
2023-01-20 04:00:00,101.11043589535619,101.31239030073718,100.96883521408041,101.11043589535619,4346,19.01053045373115,0.5781077076146792,102.93199360588594,False,True,bearish,False,False,False,False,0.0,0.3435550866567638,False,False,0,101234
2023-01-20 05:00:00,101.89632594852274,101.93786274371787,101.87353936814792,101.89632594852274,3949,30.56463028359208,0.6154078894288233,102.79575685939804,False,False,ranging,False,False,False,False,0.0,0.06432337556995549,False,False,0,101234
2023-01-20 06:00:00,101.91043136931144,102.27772084019824,101.68762664380353,101.91043136931144,1941,33.59209647232089,0.6256807424123149,102.66087927891144,False,False,ranging,False,False,False,False,0.0,0.5900941963947162,False,False,0,101234
2023-01-20 07:00:00,101.63054116611441,101.69324814330022,101.48586648031022,101.63054116611441,2907,32.99655030180095,0.6126771901191148,102.55335603026579,False,False,ranging,False,False,False,False,0.0,0.20738166299000227,False,False,0,101234
2023-01-20 08:00:00,101.7161331304081,101.97128926667088,101.34483440370991,101.7161331304081,5837,38.110336099403256,0.6123634142984378,102.45189478062507,False,False,ranging,False,False,False,False,0.0,0.6264548629609692,False,False,0,101234
2023-01-20 09:00:00,101.67120191053176,101.84535894547318,101.41045509121498,101.67120191053176,9105,37.91502600771654,0.6171774411437332,102.37427636000064,False,False,ranging,False,False,False,False,0.0,0.4349038542581951,False,False,0,101234
2023-01-20 10:00:00,101.58281407071847,101.75938759204465,101.31662681953844,101.58281407071847,2243,30.356352530567747,0.5850373954948144,102.27884509640894,False,False,ranging,False,False,False,False,0.0,0.4427607725062046,False,False,0,101234
2023-01-20 11:00:00,101.82848075073584,102.32945210204126,101.59949491948225,101.82848075073584,6696,38.8269550054507,0.6087655473357978,102.18836520189618,False,False,ranging,False,False,False,False,0.0,0.729957182559005,False,False,0,101234
2023-01-20 12:00:00,102.13148383475476,102.24988529370165,102.12010248412048,102.13148383475476,2466,40.581787638207665,0.5677778053342593,102.1318330573109,False,False,ranging,False,False,False,False,0.0,0.1297828095811724,False,False,0,101234
2023-01-20 13:00:00,101.91928337571055,102.27804829432111,101.71428467786723,101.91928337571055,4957,40.58066914219619,0.5782810160050532,102.07496822812016,False,False,ranging,False,False,False,False,0.0,0.5637636164538833,False,False,0,101234
2023-01-20 14:00:00,101.68895607945268,101.82233687991872,101.62616193357887,101.68895607945268,2966,41.60264847307092,0.5296180708467791,102.0277713045543,False,False,ranging,False,False,False,False,0.0,0.19617494633985189,False,False,0,101234
2023-01-20 15:00:00,101.57893540059202,101.93792484658572,101.25704198626221,101.57893540059202,1375,40.807122542957934,0.5496798138168606,101.97632692899086,False,False,ranging,False,False,False,False,0.0,0.6808828603235071,False,False,0,101234
2023-01-20 16:00:00,100.65816693469779,100.8411018059936,99.94900518631198,100.65816693469779,1262,35.665670041710925,0.6313949520419797,101.8597412837227,False,False,ranging,False,False,False,False,0.0,0.8920966196816238,False,False,0,101234
2023-01-20 17:00:00,100.05209050981837,100.09229565982025,99.81629470002788,100.05209050981837,5362,32.552284129366,0.6531835859958518,101.73256633813726,False,True,bearish,False,False,False,False,0.0,0.2760009597923698,False,False,0,101234
2023-01-20 18:00:00,100.59884021679618,100.60324667521493,100.18452683585005,100.59884021679618,7502,44.28207045235793,0.6482124665019404,101.62264794759037,False,False,ranging,False,False,False,False,0.0,0.4187198393648828,False,False,0,101234
2023-01-20 19:00:00,101.25682730219668,101.49229679612135,101.16568172351522,101.25682730219668,8833,42.6421786421675,0.6529288758564756,101.55623406368093,False,False,ranging,False,False,False,False,0.0,0.3266150726061312,False,False,0,101234
2023-01-20 20:00:00,101.15721288637413,101.35169701652728,100.94074413483628,101.15721288637413,2893,41.500994718067346,0.6401330676633533,101.50069691562564,False,False,ranging,False,False,False,False,0.0,0.41095288169100286,False,False,0,101234
2023-01-20 21:00:00,101.38783567159643,101.42412011617877,101.31857575944301,101.38783567159643,9106,47.23062107736225,0.6288718062921694,101.45883151403055,False,False,ranging,False,False,False,False,0.0,0.10554435673576279,False,False,0,101234
2023-01-20 22:00:00,101.51233573341385,101.63819546658596,101.07635753441754,101.51233573341385,2652,47.695046077111414,0.6242563112355585,101.4438959619747,False,False,ranging,False,False,False,False,0.0,0.5618379321684159,False,False,0,101234
2023-01-20 23:00:00,102.74388805679594,103.01013571013657,102.34230631687896,102.74388805679594,6540,59.56478365812493,0.7001774628401672,101.50161101219491,False,False,ranging,False,False,False,False,0.0,0.6678293932576054,False,False,0,101234
2023-01-21 00:00:00,103.19171802136977,103.32295551146679,102.98384243446029,103.19171802136977,4892,63.48186420933793,0.7099136544233561,101.6056751184956,False,False,ranging,False,False,False,False,0.0,0.33911307700650184,False,False,0,101234
2023-01-21 01:00:00,103.14055098477746,103.3572653921258,102.95879273854979,103.14055098477746,1599,61.36499320960756,0.6850446988700146,101.66788637030832,True,False,bullish,False,False,False,False,0.0,0.3984726535760075,False,False,0,101234
2023-01-21 02:00:00,102.7583348085373,102.87018475416482,102.2425214366751,102.7583348085373,5815,55.356205579998075,0.7190893420940532,101.71028154226963,False,False,ranging,False,False,False,False,0.0,0.6276633174897199,False,False,0,101234
2023-01-21 03:00:00,102.11575628043427,102.63384543580429,101.51800167448383,102.11575628043427,2912,51.563773975298176,0.7674157362083095,101.73454229798561,False,False,ranging,False,False,False,False,0.0,1.1158437613204626,False,False,0,101234
2023-01-21 04:00:00,102.19714173478116,102.31703259046553,101.96714475844615,102.19714173478116,9792,54.142996323457496,0.7714704783431452,101.75859272820426,False,False,ranging,False,False,False,False,0.0,0.3498878320193768,False,False,0,101234
2023-01-21 05:00:00,101.89460143666743,101.962006854393,101.72973429589486,101.89460143666743,9572,52.49515143712832,0.7562222339547731,101.76976270451105,False,False,ranging,False,False,False,False,0.0,0.23227255849813844,False,False,0,101234
2023-01-21 06:00:00,101.32569995282836,101.60547720239029,101.06782358673442,101.32569995282836,5213,55.58724566183995,0.6988542079299853,101.75690699861654,False,False,ranging,False,False,False,False,0.0,0.53765361565587,False,False,0,101234
2023-01-21 07:00:00,101.06707079913134,101.49258051901126,100.9509316041945,101.06707079913134,4637,59.0200033252924,0.6774096850833321,101.71883650103632,False,False,ranging,False,False,False,False,0.0,0.5416489148167614,False,False,0,101234
2023-01-21 08:00:00,100.63445159768558,101.16269424127982,100.62082823230591,100.63445159768558,6599,50.32302658541113,0.6767461024817142,101.64398488918286,False,True,bearish,False,False,False,False,0.0,0.541866008973912,False,False,0,101234
2023-01-21 09:00:00,101.30930825171461,101.76700514608564,101.30169172555189,101.30930825171461,7448,50.47459595789186,0.6938244574156341,101.61348613298307,False,False,ranging,False,False,False,False,0.0,0.4653134205337466,False,False,0,101234
2023-01-21 10:00:00,101.6619641544944,102.04073938552256,101.0860622076351,101.6619641544944,9557,54.36480858457107,0.7326619071439525,101.61213653673515,False,False,ranging,False,False,False,False,0.0,0.9546771778874614,False,False,0,101234
2023-01-21 11:00:00,101.65877509796775,101.82433254173549,101.65462377413948,101.65877509796775,8382,52.438864973490254,0.7257191598433356,101.61612852160394,False,False,ranging,False,False,False,False,0.0,0.16970876759600628,False,False,0,101234
2023-01-21 12:00:00,102.25075275352376,103.01821253922424,102.04383442130451,102.25075275352376,9982,56.130894175709,0.7826905533496264,101.69575781254524,False,False,ranging,False,False,False,False,0.0,0.9743781179197271,False,False,0,101234
2023-01-21 13:00:00,102.28170007658281,102.45097435618003,102.13376322986288,102.28170007658281,4569,45.20700439673943,0.6983627783206572,101.80723829088346,False,False,ranging,False,False,False,False,0.0,0.3172111263171473,False,False,0,101234
2023-01-21 14:00:00,101.9371863960515,101.99255178701061,101.50409679501085,101.9371863960515,8707,36.705336992549,0.7125439088135934,101.87415559984622,False,False,ranging,False,False,False,False,0.0,0.4884549919997596,False,False,0,101234
2023-01-21 15:00:00,102.54643602695937,103.00906901272974,102.1694839586756,102.54643602695937,1746,44.36992362591454,0.7606446204637527,101.93863603608438,False,False,ranging,False,False,False,False,0.0,0.8395850540541403,False,False,0,101234
2023-01-21 16:00:00,102.76200004443324,103.36382791088097,102.51803848840885,102.76200004443324,9504,50.03586611602056,0.756913182918736,102.01887539398732,True,False,bullish,False,False,False,False,0.0,0.845789422472123,False,False,0,101234
2023-01-21 17:00:00,102.34710158270265,102.96555265569357,102.26341270360311,102.34710158270265,5633,52.36940511513828,0.718470812778521,102.06683868954262,False,False,ranging,False,False,False,False,0.0,0.7021399520904623,False,False,0,101234
2023-01-21 18:00:00,102.2709661114692,102.63347598064715,102.18703806092046,102.2709661114692,1920,50.75691256246013,0.7253672476147577,102.10477020844539,False,False,ranging,False,False,False,False,0.0,0.4464379197266908,False,False,0,101234
2023-01-21 19:00:00,101.9207188101153,102.22793756785875,101.6836072412998,101.9207188101153,8008,50.26518411414654,0.7339352069921229,102.06361174611136,False,False,ranging,False,False,False,False,0.0,0.5443303265589492,False,False,0,101234
2023-01-21 20:00:00,101.36759891772957,101.54535700248992,101.26558352935889,101.36759891772957,3381,50.4267910998684,0.7216750234795087,101.97240579092934,False,False,ranging,False,False,False,False,0.0,0.27977347313102996,False,False,0,101234
2023-01-21 21:00:00,101.73806993674222,101.9715782595922,101.56688603757637,101.73806993674222,4618,56.682665598252356,0.7261271968399287,101.90228173852759,False,False,ranging,False,False,False,False,0.0,0.4046922220158393,False,False,0,101234
2023-01-21 22:00:00,102.50183659293027,102.66719230782884,102.21138119477041,102.50183659293027,9989,67.44700215414416,0.753788365562265,101.88945682774724,False,False,ranging,False,False,False,False,0.0,0.4558111130584308,False,False,0,101234
2023-01-21 23:00:00,101.94240956340262,102.1878692284293,101.84301704844762,101.94240956340262,5443,56.045469743843505,0.7199502224253079,101.88078949189567,False,False,ranging,False,False,False,False,0.0,0.34485217998168594,False,False,0,101234
2023-01-22 00:00:00,102.16759725807884,102.16860959530213,101.98392623772652,102.16759725807884,1272,54.94875026259702,0.6679161405690256,101.87931226806054,False,False,ranging,False,False,False,False,0.0,0.18468335757560794,False,False,0,101234
2023-01-22 01:00:00,101.90734023043011,101.95839561718759,101.58179507246277,101.90734023043011,2773,52.31621429131542,0.6976370989990305,101.87994920774868,False,False,ranging,False,False,False,False,0.0,0.3766005447248233,False,False,0,101234
2023-01-22 02:00:00,101.71249007692423,101.84845849172241,101.46486691793054,101.71249007692423,3547,44.58339526164779,0.6321396612306793,101.89928871395347,False,False,ranging,False,False,False,False,0.0,0.38359157379187536,False,False,0,101234
2023-01-22 03:00:00,101.47553250722868,101.68444874146569,100.59080417963607,101.47553250722868,4164,42.2104079123853,0.6896021448714659,101.91971179935834,False,False,ranging,False,False,False,False,0.0,1.0936445618296204,False,False,0,101234
2023-01-22 04:00:00,101.12993619935675,101.4165277619279,100.75653232513571,101.12993619935675,5780,42.201578596083195,0.6854162091943954,101.94448602944189,False,False,ranging,False,False,False,False,0.0,0.6599954367921868,False,False,0,101234
2023-01-22 05:00:00,101.14934485053467,101.17586691642222,100.74402254067226,101.14934485053467,1946,34.7674931894165,0.6396991919852327,101.9364878593829,False,False,ranging,False,False,False,False,0.0,0.4318443757499608,False,False,0,101234
2023-01-22 06:00:00,100.81696480397027,101.26022382828684,100.4202274169472,100.81696480397027,1506,29.32003016572513,0.6392854054757697,101.89423789185669,False,False,ranging,False,False,False,False,0.0,0.8399964113396408,False,False,0,101234
2023-01-22 07:00:00,100.9251475342822,101.26765426852225,100.78058771576666,100.9251475342822,7719,33.82668249313906,0.6239230198089933,101.85755651367242,False,False,ranging,False,False,False,False,0.0,0.48706655275559285,False,False,0,101234
2023-01-22 08:00:00,100.90505229050255,100.96315012828647,100.74087285128917,100.90505229050255,9435,34.26347465662241,0.6079115453283228,101.79027149052135,False,False,ranging,False,False,False,False,0.0,0.22227727699730337,False,False,0,101234
2023-01-22 09:00:00,100.80947307175599,101.02451976793682,100.64480792116078,100.80947307175599,9697,36.399390680794305,0.5930796150859398,101.71666014028001,False,False,ranging,False,False,False,False,0.0,0.37971184677604697,False,False,0,101234
2023-01-22 10:00:00,100.44644760693934,101.00640859206126,100.36996086887324,100.44644760693934,7360,38.175768867345546,0.5917447895453408,101.6421232008244,False,False,ranging,False,False,False,False,0.0,0.6364477231880272,False,False,0,101234
2023-01-22 11:00:00,100.215739074712,100.24054328046482,100.17810279671113,100.215739074712,8657,29.73156239724004,0.5677708944285962,101.52558835321203,False,False,ranging,False,False,False,False,0.0,0.062440483753690046,False,False,0,101234
2023-01-22 12:00:00,100.51789556504231,100.55441981755729,100.4195317077945,100.51789556504231,4590,19.883816517371315,0.5255964924113579,101.41338312924249,False,False,ranging,False,False,False,False,0.0,0.13488810976278387,False,False,0,101234
2023-01-22 13:00:00,100.71826244009206,101.1722973630647,100.69249453820406,100.71826244009206,2192,29.143942645923815,0.5252809390927676,101.33194117211197,False,False,ranging,False,False,False,False,0.0,0.4798028248606414,False,False,0,101234
2023-01-22 14:00:00,100.32724034217264,100.51648384753908,99.66145023034838,100.32724034217264,2464,20.32243787528742,0.5846103803673515,101.23475488364713,False,False,ranging,False,False,False,False,0.0,0.8550336171906991,False,False,0,101234
2023-01-22 15:00:00,100.36697326434434,100.6742293116431,100.29803337517178,100.36697326434434,1390,23.258096467982156,0.5696385054284404,101.1570676063586,False,False,ranging,False,False,False,False,0.0,0.3761959364713192,False,False,0,101234
2023-01-22 16:00:00,100.66752811369305,101.22375588359331,100.41210618341496,100.66752811369305,6615,32.50094593404255,0.599232027339112,101.12206406615675,False,False,ranging,False,False,False,False,0.0,0.81164970017835,False,False,0,101234
2023-01-22 17:00:00,99.99976600124451,100.36607610990211,99.94720257557195,99.99976600124451,7106,28.402815695322474,0.5705634302557507,101.03514886938187,False,False,ranging,False,False,False,False,0.0,0.41887353433016017,False,False,0,101234
2023-01-22 18:00:00,100.21711007819648,100.39173938923707,99.32153237741547,100.21711007819648,9864,36.12017212148211,0.595649632379225,100.92091254364519,False,False,ranging,False,False,False,False,0.0,1.0702070118216085,False,False,0,101234
2023-01-22 19:00:00,99.95206057461814,100.0200058042731,99.84181607497585,99.95206057461814,3560,33.060303168807465,0.5916103200557014,100.82139509420595,False,False,ranging,False,False,False,False,0.0,0.17818972929724453,False,False,0,101234
2023-01-22 20:00:00,100.1803000420554,100.46813181307245,100.08624113620368,100.1803000420554,6867,40.718684378074535,0.5684728077067486,100.72203023340478,False,False,ranging,False,False,False,False,0.0,0.381890676868764,False,False,0,101234
2023-01-22 21:00:00,99.8749963794384,99.98665841225971,99.59845592884523,99.8749963794384,2211,35.522906292520446,0.5752426334535049,100.6204130408552,False,False,ranging,False,False,False,False,0.0,0.3882024834144886,False,False,0,101234
2023-01-22 22:00:00,99.15304353917259,99.47966812508385,99.00823717300982,99.15304353917259,2539,29.763334934697212,0.6212770569843106,100.49244071396762,False,False,ranging,False,False,False,False,0.0,0.4714309520740301,False,False,0,101234
2023-01-22 23:00:00,98.50202656401932,99.0674024557997,98.37599821688376,98.50202656401932,1643,26.378633536515224,0.6496580195209377,100.34376541680714,False,False,ranging,False,False,False,False,0.0,0.6914042389159363,False,False,0,101234
2023-01-23 00:00:00,98.52126054268388,98.98423360116553,98.33920536471918,98.52126054268388,9693,28.799574431854396,0.6502709133251037,100.21333163397351,False,False,ranging,False,False,False,False,0.0,0.6450282364463504,False,False,0,101234
2023-01-23 01:00:00,98.62514954337247,98.77180436990835,98.00818647392362,98.62514954337247,9921,31.98091608994089,0.6856475623077125,100.0871218686154,False,False,ranging,False,False,False,False,0.0,0.7636178959847371,False,False,0,101234
2023-01-23 02:00:00,98.26342289333071,98.59930812331741,97.92415636273294,98.26342289333071,2283,24.80019688953928,0.7115270221501585,99.95944477308342,False,False,ranging,False,False,False,False,0.0,0.6751517605844697,False,False,0,101234
2023-01-23 03:00:00,98.51885987684166,98.56112575091502,98.37677025379823,98.51885987684166,8680,25.7147328548769,0.6860485264045815,99.8391303902114,False,False,ranging,False,False,False,False,0.0,0.18435549711679755,False,False,0,101234
2023-01-23 04:00:00,97.85425185193408,98.38478366160294,97.57633751293962,97.85425185193408,8345,24.24963346813142,0.6778849659873215,99.68659036828298,False,False,ranging,False,False,False,False,0.0,0.8084461486633217,False,False,0,101234
2023-01-23 05:00:00,97.82781993247515,97.92477024673059,97.66116613857248,97.82781993247515,5386,23.487242401469743,0.6698426925363776,99.53750771131892,False,False,ranging,False,False,False,False,0.0,0.26360410815810553,False,False,0,101234
2023-01-23 06:00:00,97.34341345257018,97.38769422845978,97.06780749912434,97.34341345257018,1919,16.574355030338424,0.6629305364007944,99.38235600360048,False,False,ranging,False,False,False,False,0.0,0.3198867293354368,False,False,0,101234
2023-01-23 07:00:00,97.08267900944931,97.22248996000978,96.95746896536778,97.08267900944931,3339,18.052048005611823,0.6390461756208866,99.22570300033735,False,False,ranging,False,False,False,False,0.0,0.2650209946420006,False,False,0,101234
2023-01-23 08:00:00,97.10163847797587,97.58004939815591,97.0131115037045,97.10163847797587,9947,14.329297413275441,0.6030983815230156,99.054890145984,False,False,ranging,False,False,False,False,0.0,0.5669378944514136,False,False,0,101234
2023-01-23 09:00:00,96.75747313186228,96.9115531638332,96.46472811605886,96.75747313186228,6930,14.074315946016156,0.6217852642870422,98.85685068057252,False,False,ranging,False,False,False,False,0.0,0.4468250477743396,False,False,0,101234
2023-01-23 10:00:00,96.60365091417036,96.76346116606894,96.32811458098763,96.60365091417036,6402,9.093042143889804,0.6160192176175424,98.67067120917241,False,False,ranging,False,False,False,False,0.0,0.4353465850813052,False,False,0,101234
2023-01-23 11:00:00,97.00616803785614,97.35714308856923,96.63245282492223,97.00616803785614,6663,17.902309185310273,0.6282797934167347,98.502630947848,False,False,ranging,False,False,False,False,0.0,0.7246902636470054,False,False,0,101234
2023-01-23 12:00:00,96.77541129004688,97.63708995403137,96.75893105674692,96.77541129004688,6275,20.11301699886441,0.6290940570492966,98.3080251066657,False,False,ranging,False,False,False,False,0.0,0.8781588972844503,False,False,0,101234
2023-01-23 13:00:00,97.10968813487293,97.11794260638811,96.89681417844817,97.10968813487293,1507,30.983998179829726,0.5980573423387544,98.16352121334711,False,False,ranging,False,False,False,False,0.0,0.22112842793994503,False,False,0,101234
2023-01-23 14:00:00,96.65780539300988,97.1894808720108,96.28025391980728,96.65780539300988,2436,27.239486267544336,0.6169286791785525,97.98555597908778,False,False,ranging,False,False,False,False,0.0,0.9092269522035252,False,False,0,101234
2023-01-23 15:00:00,96.86972706417599,97.36810482854035,96.80462194904868,96.86972706417599,9750,29.110303410201823,0.6131202177175338,97.83143930356567,False,False,ranging,False,False,False,False,0.0,0.5634828794916729,False,False,0,101234
2023-01-23 16:00:00,97.44635451243914,97.58348338941502,97.3538096759024,97.44635451243914,8354,40.74991961328833,0.6140318709032125,97.69474202708486,False,False,ranging,False,False,False,False,0.0,0.229673713512625,False,False,0,101234
2023-01-23 17:00:00,96.45769671238823,96.63836033049677,95.72968176648457,96.45769671238823,5516,29.98780669895916,0.7153868629296595,97.52387704373236,False,False,ranging,False,False,False,False,0.0,0.9086785640121917,False,False,0,101234
2023-01-23 18:00:00,96.13893861020004,96.27957088702254,96.00905066259183,96.13893861020004,4622,32.1467277845514,0.6801099833506845,97.37317179728373,False,False,ranging,False,False,False,False,0.0,0.27052022443071166,False,False,0,101234
2023-01-23 19:00:00,96.36976746107226,96.66928309282875,95.95648221084599,96.36976746107226,5399,35.44368327354904,0.7121954671953026,97.26655884213638,False,False,ranging,False,False,False,False,0.0,0.7128008819827585,False,False,0,101234
2023-01-23 20:00:00,96.28854930665506,96.3790868766009,96.11911710540377,96.28854930665506,6037,38.546850554378,0.6764781341843248,97.15492328033493,False,False,ranging,False,False,False,False,0.0,0.2599697711971203,False,False,0,101234
2023-01-23 21:00:00,96.43700765600359,96.666831739519,96.13059266737477,96.43700765600359,9111,42.8144582072189,0.6872134616801701,97.04551618596649,False,False,ranging,False,False,False,False,0.0,0.5362390721442267,False,False,0,101234
2023-01-23 22:00:00,96.19541358131725,96.56349354848254,95.56888074945627,96.19541358131725,4715,40.39096926656976,0.7177616691498027,96.94211572036582,False,True,bearish,False,False,False,False,0.0,0.994612799026271,False,False,0,101234
2023-01-23 23:00:00,96.23004949630642,96.2600957192504,95.75425450263504,96.23004949630642,8837,44.014651638087365,0.7083995873425428,96.82767520133905,False,False,ranging,False,False,False,False,0.0,0.5058412166153659,False,False,0,101234
2023-01-24 00:00:00,96.1677786021496,96.2288807272027,95.60380128660788,96.1677786021496,2301,44.94863903043607,0.7220354176723457,96.74335153884982,False,False,ranging,False,False,False,False,0.0,0.625079440594817,False,False,0,101234
2023-01-24 01:00:00,96.63489142681352,96.8982862028405,96.07360187420198,96.63489142681352,8370,45.76071505489958,0.7271205715466057,96.68370511356675,False,False,ranging,False,False,False,False,0.0,0.8246843286385115,False,False,0,101234
2023-01-24 02:00:00,96.736659764134,96.98472387034596,96.61977551092274,96.736659764134,6185,49.54410098333224,0.6904626759850895,96.65336742914494,False,False,ranging,False,False,False,False,0.0,0.3649483594232237,False,False,0,101234
2023-01-24 03:00:00,96.87170082896408,96.93964449653454,96.61121300940117,96.87170082896408,3155,47.06244812764692,0.6894555453273848,96.64281852012067,False,False,ranging,False,False,False,False,0.0,0.328431487133372,False,False,0,101234
2023-01-24 04:00:00,96.70695004251509,96.81715969455995,96.54656131667836,96.70695004251509,7411,50.65288648362064,0.6477350139046842,96.62308409834765,False,False,ranging,False,False,False,False,0.0,0.2705983778815835,False,False,0,101234
2023-01-24 05:00:00,96.51190755288609,96.78598294075606,95.72118323118103,96.51190755288609,7365,45.22495402678428,0.6730564620507238,96.61080581939883,False,False,ranging,False,False,False,False,0.0,1.064799709575027,False,False,0,101234
2023-01-24 06:00:00,96.33888427775824,96.57983796296234,96.33787162577909,96.33888427775824,1692,33.43677941919543,0.639357177189597,96.59756748757823,False,False,ranging,False,False,False,False,0.0,0.241966337183257,False,False,0,101234
2023-01-24 07:00:00,96.49666513470956,96.94447170539742,96.39831878285663,96.49666513470956,2478,50.77555767380076,0.5599939401670692,96.57209234242089,False,False,ranging,False,False,False,False,0.0,0.5461529225407844,False,False,0,101234
2023-01-24 08:00:00,96.32827134238146,96.40960842269422,96.05099030052011,96.32827134238146,7396,54.0080264990657,0.5597817104808586,96.54973534503762,False,False,ranging,False,False,False,False,0.0,0.35861812217410716,False,False,0,101234
2023-01-24 09:00:00,96.44418128514002,96.45059147344455,96.14001249945225,96.44418128514002,9448,51.6558477742877,0.5310515741958254,96.51646000255099,False,False,ranging,False,False,False,False,0.0,0.3105789739922926,False,False,0,101234
2023-01-24 10:00:00,97.27434160459819,97.49850510834254,97.24863545617718,97.27434160459819,1441,66.45212080768876,0.5877911493390684,96.5472868131304,False,False,ranging,False,False,False,False,0.0,0.2498696521653585,False,False,0,101234
2023-01-24 11:00:00,97.62279148597086,98.35006356405275,97.34516409815299,97.62279148597086,3646,68.55144163259469,0.6263256412898061,96.58494003422012,True,False,bullish,False,False,False,False,0.0,1.0048994658997543,False,False,0,101234
2023-01-24 12:00:00,97.49238207310373,97.75759569201205,97.41576694640143,97.49238207310373,6209,71.02226402236371,0.5796982089029734,96.58724141225336,False,False,ranging,False,False,False,False,0.0,0.3418287456106128,False,False,0,101234
2023-01-24 13:00:00,97.9728676419693,98.19392081109703,97.70426374526039,97.9728676419693,7533,74.68161812086927,0.5936766032871118,96.66299995873241,False,False,ranging,False,False,False,False,0.0,0.4896570658366386,False,False,0,101234
2023-01-24 14:00:00,97.80963749276069,97.89403575989616,97.68720724101262,97.80963749276069,5677,72.6054295884507,0.5693489026626933,96.74653490286045,False,False,ranging,False,False,False,False,0.0,0.20682851888354037,False,False,0,101234
2023-01-24 15:00:00,96.99438767868955,97.01448489385702,96.69564306025248,96.99438767868955,8211,54.51662991051735,0.5900139100819572,96.77776591374132,False,False,ranging,False,False,False,False,0.0,0.31884183360453733,False,False,0,101234
2023-01-24 16:00:00,96.59115315432258,96.74593491963381,96.39581228177549,96.59115315432258,3645,48.30061775344808,0.6067015556170168,96.79289610612469,False,False,ranging,False,False,False,False,0.0,0.35012263785831976,False,False,0,101234
2023-01-24 17:00:00,95.84283638591224,96.3116001429782,95.58530105091523,95.84283638591224,9210,39.4894517925396,0.6550887424937295,96.76318754262012,False,False,ranging,False,False,False,False,0.0,0.7262990920629591,False,False,0,101234
2023-01-24 18:00:00,95.70223099229571,95.8609467954996,95.63184482130849,95.70223099229571,8933,39.685228203740735,0.6482289183441148,96.73852841316905,False,False,ranging,False,False,False,False,0.0,0.22910197419111,False,False,0,101234
2023-01-24 19:00:00,95.70959834397154,95.94787774785809,95.69812694548352,95.70959834397154,6476,41.43311101289278,0.5900111392583673,96.71250585555231,False,False,ranging,False,False,False,False,0.0,0.24975080237456382,False,False,0,101234
2023-01-24 20:00:00,96.38017326888165,96.75646009583242,95.94559584449159,96.38017326888165,8928,50.39852940616147,0.6475036688781982,96.7231255888889,False,False,ranging,False,False,False,False,0.0,0.8108642513408313,False,False,0,101234
2023-01-24 21:00:00,96.51094421838731,96.5990115980373,96.42104122398527,96.51094421838731,3080,50.13854690152374,0.6198787332722314,96.7169282284676,False,False,ranging,False,False,False,False,0.0,0.17797037405202332,False,False,0,101234
2023-01-24 22:00:00,96.42330400686376,96.83027854825077,96.40824262175124,96.42330400686376,7089,50.93676136368243,0.618190239865809,96.70126044060409,False,False,ranging,False,False,False,False,0.0,0.42203592649953237,False,False,0,101234
2023-01-24 23:00:00,96.75506623933715,96.89499523406721,95.96882831202817,96.75506623933715,8396,52.93938933628339,0.6621608075834341,96.69542871112273,False,False,ranging,False,False,False,False,0.0,0.9261669220390445,False,False,0,101234
2023-01-25 00:00:00,95.870612115734,95.88130456042325,95.53702200800176,95.870612115734,8797,36.862742083879944,0.6738551224500681,96.65361181478367,False,False,ranging,False,False,False,False,0.0,0.34428255242148964,False,False,0,101234
2023-01-25 01:00:00,95.96485793897743,96.44939748374908,95.5256047673517,95.96485793897743,1861,33.70852591149466,0.6630030336602702,96.62625933408825,False,True,bearish,False,False,False,False,0.0,0.9237927163973865,False,False,0,101234
2023-01-25 02:00:00,96.27320401653222,96.62262582286937,95.97414638449247,96.27320401653222,9346,38.424683546255494,0.685570114966079,96.62297532102694,False,False,ranging,False,False,False,False,0.0,0.6484794383768957,False,False,0,101234
2023-01-25 03:00:00,95.68176951822028,95.9021469912597,95.59757859687323,95.68176951822028,4494,28.696309134585434,0.6837191636564849,96.58223054020249,False,False,ranging,False,False,False,False,0.0,0.30456839438646455,False,False,0,101234
2023-01-25 04:00:00,96.13927113550305,96.38234686660736,95.61168499024451,96.13927113550305,1904,35.274044893604525,0.7183621261854967,96.57278052985856,False,False,ranging,False,False,False,False,0.0,0.7706618763628512,False,False,0,101234
2023-01-25 05:00:00,96.27466969850082,96.3348404576701,96.16303805671876,96.27466969850082,2269,42.7907852207155,0.6527603325896995,96.5643049505266,False,False,ranging,False,False,False,False,0.0,0.1718024009513357,False,False,0,101234
2023-01-25 06:00:00,96.1085545329405,96.45314573776912,95.99180677424012,96.1085545329405,1404,44.92485854801999,0.6429577302050526,96.50601559694371,False,False,ranging,False,False,False,False,0.0,0.46133896352900194,False,False,0,101234
2023-01-25 07:00:00,96.36166727938301,96.66641382507653,96.34573108347774,96.36166727938301,2184,56.09052283584819,0.6109582436856726,96.44295938661432,False,False,ranging,False,False,False,False,0.0,0.3206827415987874,False,False,0,101234
2023-01-25 08:00:00,97.26994442250478,97.28844837745918,96.90287375777919,97.26994442250478,9938,65.59292803670675,0.6607924668203192,96.43183750408437,False,False,ranging,False,False,False,False,0.0,0.38557461967998563,False,False,0,101234
2023-01-25 09:00:00,97.34269092452817,97.47133587462734,97.01375015438491,97.34269092452817,2725,66.03466743465769,0.6756378180965957,96.40032866821232,False,False,ranging,False,False,False,False,0.0,0.4575857202424345,False,False,0,101234
2023-01-25 10:00:00,97.4419791590483,97.64991084122724,97.25427597279943,97.4419791590483,9462,61.74279849558397,0.6291216121370898,96.3819457515267,False,False,ranging,False,False,False,False,0.0,0.3956348684278055,False,False,0,101234
2023-01-25 11:00:00,97.2582347992322,97.31116726581537,96.86246064085258,97.2582347992322,6811,58.16877553478539,0.65488448278281,96.39513810755383,False,False,ranging,False,False,False,False,0.0,0.4487066249627958,False,False,0,101234
2023-01-25 12:00:00,96.91829705144629,97.02840540317129,96.8574028602276,96.91829705144629,6606,55.12801105523413,0.6533699122474579,96.41149530241003,False,False,ranging,False,False,False,False,0.0,0.17100254294369677,False,False,0,101234
2023-01-25 13:00:00,97.250431378064,97.49870844425861,97.0104198087447,97.250431378064,4956,55.131470246106964,0.6286730887312635,96.48187505201761,False,False,ranging,False,False,False,False,0.0,0.48828863551391066,False,False,0,101234
2023-01-25 14:00:00,96.90799784770044,96.93384101261435,96.88894047531583,96.90799784770044,1171,62.105652401502375,0.5674907081178893,96.54216339478785,False,False,ranging,False,False,False,False,0.0,0.04490053729851695,False,False,0,101234
2023-01-25 15:00:00,96.9366243425882,97.25826604618389,96.56539290218296,96.9366243425882,9465,61.51628419460995,0.5509964529467136,96.60351469471867,False,False,ranging,False,False,False,False,0.0,0.6928731440009273,False,False,0,101234
2023-01-25 16:00:00,96.74556136388216,97.62196650893054,96.60837086735613,96.74556136388216,3306,55.75790806084932,0.5764127213526048,96.62178409946871,False,False,ranging,False,False,False,False,0.0,1.0135956415744118,False,False,0,101234
2023-01-25 17:00:00,96.93715329418072,97.06812123542802,96.92430627978725,96.93715329418072,1421,66.95561176084848,0.5511937536302389,96.64309455325836,False,False,ranging,False,False,False,False,0.0,0.14381495564077795,False,False,0,101234
2023-01-25 18:00:00,97.0706181362955,97.34179858862136,97.05321131585298,97.0706181362955,6540,63.78574662712244,0.5250497120643668,96.67546025972996,False,False,ranging,False,False,False,False,0.0,0.2885872727683818,False,False,0,101234
2023-01-25 19:00:00,97.48563411399866,98.1945138446612,97.23110484933707,97.48563411399866,5675,66.55430219628113,0.5913587396499855,96.71198865346304,True,False,bullish,False,False,False,False,0.0,0.96340899532413,False,False,0,101234
2023-01-25 20:00:00,97.28162755445676,97.58454676586975,96.60756075426139,97.28162755445676,7748,65.87188468084304,0.628190671655654,96.78253942539916,False,False,ranging,False,False,False,False,0.0,0.9769860116083606,False,False,0,101234
2023-01-25 21:00:00,97.17367758033942,97.35942385864098,96.99166749190982,97.17367758033942,7103,61.43586088077538,0.6146118912695917,96.84298040746727,False,False,ranging,False,False,False,False,0.0,0.3677563667311574,False,False,0,101234
2023-01-25 22:00:00,96.78217209402649,97.39942073494001,96.71878698634265,96.78217209402649,2473,41.96026223504416,0.5970299377353915,96.86842881134199,False,False,ranging,False,False,False,False,0.0,0.6806337485973586,False,False,0,101234
2023-01-25 23:00:00,96.60445478999605,96.61069290229868,96.244431103068,96.60445478999605,4243,38.23895334546944,0.6027553142151102,96.91456307493077,False,True,bearish,False,False,False,False,0.0,0.3662617992306849,False,False,0,101234
2023-01-26 00:00:00,96.755374987214,96.97377586958274,96.60780425296214,96.755374987214,3181,39.238555976165465,0.6008757578693158,96.94536826751633,False,False,ranging,False,False,False,False,0.0,0.3659716166205982,False,False,0,101234
2023-01-26 01:00:00,97.05817043387214,97.1130393662036,96.49520462205957,97.05817043387214,4096,46.97711509418088,0.6036126311513367,96.98454330428488,False,False,ranging,False,False,False,False,0.0,0.6178347441440195,False,False,0,101234
2023-01-26 02:00:00,96.68930430420109,97.10176722994554,96.50339087041125,96.68930430420109,7646,46.57000460715623,0.6177229469034567,97.01358079284792,False,False,ranging,False,False,False,False,0.0,0.598376359534285,False,False,0,101234
2023-01-26 03:00:00,97.03714667224335,97.23093592598072,96.84653795559566,97.03714667224335,6882,46.82025231907157,0.6149529632582643,97.04735476249093,False,False,ranging,False,False,False,False,0.0,0.3843979703850522,False,False,0,101234
2023-01-26 04:00:00,97.57940181576534,97.81915941776042,97.22250181803822,97.57940181576534,6982,59.44675866743059,0.6449902377417577,97.06282763215397,False,False,ranging,False,False,False,False,0.0,0.5966575997221923,False,False,0,101234
2023-01-26 05:00:00,97.74477577705481,97.88959883370943,97.55747216014085,97.74477577705481,6798,60.94946857521115,0.6192226327108757,97.0829318747803,False,False,ranging,False,False,False,False,0.0,0.33212667356858105,False,False,0,101234
2023-01-26 06:00:00,98.49549410207804,98.78149268455566,98.44013649478129,98.49549410207804,9415,70.58732943793102,0.6208741517056211,97.13560762193177,True,False,bullish,False,False,False,False,0.0,0.3413561897743733,False,False,0,101234
2023-01-26 07:00:00,98.1859784224366,98.22277951723504,98.00455502307514,98.1859784224366,9411,64.29533159806363,0.6329012379525523,97.18199480309201,False,False,ranging,False,False,False,False,0.0,0.21822449415989809,False,False,0,101234
2023-01-26 08:00:00,97.68811654111204,98.17552007865291,97.02644672398232,97.68811654111204,9456,56.524233531772936,0.6868216953820985,97.22048577757529,False,False,ranging,False,False,False,False,0.0,1.1490733546705911,False,False,0,101234
2023-01-26 09:00:00,96.97662844155033,97.07355222348514,96.7075085824842,96.97662844155033,5524,44.93911075513747,0.676586856115108,97.20679563074961,False,False,ranging,False,False,False,False,0.0,0.36604364100094244,False,False,0,101234
2023-01-26 10:00:00,97.57504616614601,97.6507522167839,97.1925836537624,97.57504616614601,7559,52.70520275732311,0.6549538392311943,97.24014804667188,False,False,ranging,False,False,False,False,0.0,0.458168563021502,False,False,0,101234
2023-01-26 11:00:00,97.83679242868763,97.92433580936229,97.64133583128577,97.83679242868763,8620,55.945060010739475,0.6536347875515602,97.28515645097686,False,False,ranging,False,False,False,False,0.0,0.2829999780765178,False,False,0,101234
2023-01-26 12:00:00,97.81455856032345,98.28351580293244,97.47325285919601,97.81455856032345,3774,59.912015670956514,0.6628940157757798,97.33860631079892,False,False,ranging,False,False,False,False,0.0,0.8102629437364328,False,False,0,101234
2023-01-26 13:00:00,97.92654601085138,98.19147894399553,97.86609855066713,97.92654601085138,6673,62.85575093350709,0.6514068295410362,97.38807594663245,False,False,ranging,False,False,False,False,0.0,0.32538039332840185,False,False,0,101234
2023-01-26 14:00:00,97.47635039193203,97.49970155103587,97.4743939973632,97.47635039193203,4124,56.62503147282239,0.6573233248197151,97.40836255941429,False,False,ranging,False,False,False,False,0.0,0.025307553672675454,False,False,0,101234
2023-01-26 15:00:00,98.45465118377876,98.50879515785596,98.27501286691019,98.45465118377876,9671,61.41511897885061,0.6869383263754228,97.45681341290329,False,False,ranging,False,False,False,False,0.0,0.23378229094576852,False,False,0,101234
2023-01-26 16:00:00,98.50633965656885,99.46427192692231,98.30583750995343,98.50633965656885,2353,65.66510894541466,0.7269424733350363,97.5180490180089,False,False,ranging,False,False,False,False,0.0,1.1584344169688734,False,False,0,101234
2023-01-26 17:00:00,98.55009757441081,98.63972344692051,98.32984543477727,98.55009757441081,4854,63.76525848606048,0.7103886440752945,97.58687001771247,False,False,ranging,False,False,False,False,0.0,0.30987801214324406,False,False,0,101234
2023-01-26 18:00:00,98.8404042239703,99.06594153899886,98.81580555704623,98.8404042239703,9134,62.02422155409323,0.6913765882946501,97.68978162420964,False,False,ranging,False,False,False,False,0.0,0.2501359819526243,False,False,0,101234
2023-01-26 19:00:00,99.03280791666498,99.16071519552663,98.8956237952804,99.03280791666498,1924,62.21897560902891,0.6905326095794899,97.8111992805431,False,False,ranging,False,False,False,False,0.0,0.26509140024623434,False,False,0,101234
2023-01-26 20:00:00,99.12236152637664,99.46689523913567,98.6856148297326,99.12236152637664,3170,56.799795793650624,0.6722871454296485,97.92954860750123,False,False,ranging,False,False,False,False,0.0,0.7812804094030668,False,False,0,101234
2023-01-26 21:00:00,98.80617174419851,98.84015286735983,98.5948197822511,98.80617174419851,6506,56.71767342891533,0.6749016215098373,98.01694867301754,False,False,ranging,False,False,False,False,0.0,0.24533308510874008,False,False,0,101234
2023-01-26 22:00:00,98.99475908705291,99.42624248054813,98.75804208084026,98.99475908705291,3395,65.16932718897858,0.6398065287422361,98.13222141216013,False,False,ranging,False,False,False,False,0.0,0.6682003997078709,False,False,0,101234
2023-01-26 23:00:00,99.74756888564292,100.02333756601548,99.72242089726412,99.74756888564292,9220,81.8632288932441,0.643232994480431,98.26774252283012,False,False,ranging,False,False,False,False,0.0,0.3009166687513698,False,False,0,101234
2023-01-27 00:00:00,100.28573690410491,100.48618012976661,99.86259916054385,100.28573690410491,9226,81.60838907224067,0.6478392422582969,98.40305927724708,False,False,ranging,False,False,False,False,0.0,0.6235809692227576,False,False,0,101234
2023-01-27 01:00:00,100.92301155476066,101.48500088762593,100.80008271597282,100.92301155476066,6515,83.08938718622895,0.708551695137207,98.56197106613239,True,False,bullish,False,False,False,False,0.0,0.6849181716531092,False,False,0,101234
2023-01-27 02:00:00,100.71852528418819,101.04253970390258,100.46019891113612,100.71852528418819,3670,79.9643053710388,0.6922715414964945,98.6731226252379,False,False,ranging,False,False,False,False,0.0,0.582340792766459,False,False,0,101234
2023-01-27 03:00:00,100.32268335608475,100.45687992478238,99.90167236504719,100.32268335608475,4365,73.35614772282845,0.7236952940299882,98.7799578719203,False,False,ranging,False,False,False,False,0.0,0.5552075597351944,False,False,0,101234
2023-01-27 04:00:00,100.2723685880449,100.65667349656543,100.06299760628319,100.2723685880449,1588,79.55819434308663,0.7338041423724206,98.90917047426694,False,False,ranging,False,False,False,False,0.0,0.5936758902822419,False,False,0,101234
2023-01-27 05:00:00,100.29465855296037,100.31501520611859,100.16174534662183,100.29465855296037,4138,74.37952936099761,0.6710059347704801,99.07507197983745,False,False,ranging,False,False,False,False,0.0,0.15326985949675986,False,False,0,101234
2023-01-27 06:00:00,100.73233516034875,100.98816726288543,100.58848727012898,100.73233516034875,7663,76.75693407396625,0.6377969556959217,99.23293642954759,False,False,ranging,False,False,False,False,0.0,0.3996799927564467,False,False,0,101234
2023-01-27 07:00:00,100.05534930846282,100.20076915365117,99.9663766449206,100.05534930846282,5086,65.70296906806911,0.6703741345019866,99.34386427353635,False,False,ranging,False,False,False,False,0.0,0.23439250873056494,False,False,0,101234
2023-01-27 08:00:00,100.66716943624706,100.92107643274433,100.5282139976668,100.66716943624706,9531,67.85902891933836,0.6953657887658053,99.48649481733253,False,False,ranging,False,False,False,False,0.0,0.39286243507753227,False,False,0,101234
2023-01-27 09:00:00,100.60396627681547,100.79703122651071,100.54477859712611,100.60396627681547,5270,65.75822201176132,0.6905044786106812,99.62036583063073,False,False,ranging,False,False,False,False,0.0,0.2522526293845999,False,False,0,101234
2023-01-27 10:00:00,100.4332138488365,100.74220209411085,100.33982124680364,100.4332138488365,7019,62.93672175159608,0.663440224175263,99.76820900347596,False,False,ranging,False,False,False,False,0.0,0.4023808473072137,False,False,0,101234
2023-01-27 11:00:00,100.02837209873243,100.12880469836439,99.51838488635951,100.02837209873243,1556,61.854392510993776,0.6911035969146521,99.84689504922365,False,False,ranging,False,False,False,False,0.0,0.6104198120048778,False,False,0,101234
2023-01-27 12:00:00,99.36642942998613,99.48752396895873,99.04496648431567,99.36642942998613,9022,53.301735974168984,0.7136182551081447,99.88989953789451,False,False,ranging,False,False,False,False,0.0,0.44255748464306066,False,False,0,101234
2023-01-27 13:00:00,99.6956976635709,99.98223443737571,99.63850698619139,99.6956976635709,6452,49.50170457980983,0.6841344357100739,99.9471795423525,False,False,ranging,False,False,False,False,0.0,0.34372745118432135,False,False,0,101234
2023-01-27 14:00:00,99.72502485044626,99.8521045701243,99.44263167621601,99.72502485044626,4567,44.02992975455352,0.660624553551831,99.9914105736763,False,False,ranging,False,False,False,False,0.0,0.409472893908287,False,False,0,101234
2023-01-27 15:00:00,99.20904049054984,99.82779796632278,98.89928331949157,99.20904049054984,4899,31.266991969760568,0.641285315216844,100.00022220237055,False,False,ranging,False,False,False,False,0.0,0.9285146468312035,False,False,0,101234
2023-01-27 16:00:00,98.6910089817244,99.01126885600068,98.57163086674035,98.6910089817244,7477,29.261457230244147,0.645218803148489,99.97865457513794,False,False,ranging,False,False,False,False,0.0,0.4396379892603335,False,False,0,101234
2023-01-27 17:00:00,98.55669510200835,98.56396093901017,98.01390319708841,98.55669510200835,8500,30.91546656192571,0.6352368649695593,99.96618074302843,False,False,ranging,False,False,False,False,0.0,0.550057741921762,False,False,0,101234
2023-01-27 18:00:00,99.22430371212411,99.64796987874874,99.1588899435064,99.22430371212411,2016,40.00709749190888,0.6707796425737129,99.97765797428198,False,False,ranging,False,False,False,False,0.0,0.4890799352423443,False,False,0,101234
2023-01-27 19:00:00,99.12046717157867,99.14435958895238,98.86617699299295,99.12046717157867,7470,38.975956287025,0.6854122754047418,99.94630288857877,False,False,ranging,False,False,False,False,0.0,0.27818259595943573,False,False,0,101234
2023-01-27 20:00:00,98.51920999033142,98.65492152920633,98.3235833237535,98.51920999033142,3062,29.840998145126363,0.6927962138261786,99.8579765428901,False,False,ranging,False,False,False,False,0.0,0.33133820545283754,False,False,0,101234
2023-01-27 21:00:00,98.42091276469704,98.7396308231411,98.09402285349432,98.42091276469704,5321,33.357686764113126,0.684199746270366,99.73287160338693,False,False,ranging,False,False,False,False,0.0,0.6456079696467754,False,False,0,101234
2023-01-27 22:00:00,98.31182333679797,98.44031546596027,98.07639476435966,98.31182333679797,4496,23.28178916484761,0.6483564303645873,99.6125365060174,False,False,ranging,False,False,False,False,0.0,0.3639207016006054,False,False,0,101234
2023-01-27 23:00:00,97.23306867962134,97.28921195912271,97.12191625004434,97.23306867962134,2813,18.922113102673308,0.7153317487480899,99.45805577219423,False,False,ranging,False,False,False,False,0.0,0.167295709078374,False,False,0,101234
2023-01-28 00:00:00,97.21135073301421,97.50706973171818,96.78968062726062,97.21135073301421,7256,19.45679310263762,0.7378323385445427,99.3050048794427,False,True,bearish,False,False,False,False,0.0,0.7173891044575527,False,False,0,101234
2023-01-28 01:00:00,97.11897692093075,97.47519273640017,97.11429142074587,97.11897692093075,3313,20.682078292011028,0.698266078057208,99.14622079784122,False,False,ranging,False,False,False,False,0.0,0.36090131565430283,False,False,0,101234
2023-01-28 02:00:00,97.39745946685612,98.1743285594617,97.12677631472013,97.39745946685612,2231,28.496915661563037,0.7034050797796496,98.97947701316659,False,False,ranging,False,False,False,False,0.0,1.047552244741567,False,False,0,101234
2023-01-28 03:00:00,98.13704190483426,98.31093185679833,97.86471505079018,98.13704190483426,6831,34.37800335249008,0.7246670356762662,98.88356164298516,False,False,ranging,False,False,False,False,0.0,0.4462168060081524,False,False,0,101234
2023-01-28 04:00:00,98.58766791665336,98.68540681162801,98.13188273956082,98.58766791665336,3999,39.4882980267286,0.7349564055447593,98.77958656700547,False,False,ranging,False,False,False,False,0.0,0.5535240720671908,False,False,0,101234
2023-01-28 05:00:00,98.48011244043143,98.53842773090463,98.32687481387315,98.48011244043143,4440,42.71294534685007,0.687262009541117,98.67339387518628,False,False,ranging,False,False,False,False,0.0,0.21155291703148293,False,False,0,101234
2023-01-28 06:00:00,98.03750207693476,98.14345196477797,97.72832790124754,98.03750207693476,5056,43.36690187605608,0.6954316463535741,98.55360828659119,False,False,ranging,False,False,False,False,0.0,0.41512406353042763,False,False,0,101234
2023-01-28 07:00:00,99.0668459982347,99.1683911512732,98.86949563207905,99.0668459982347,1305,54.381884243687054,0.7278447384751782,98.50553198156629,False,False,ranging,False,False,False,False,0.0,0.29889551919414714,False,False,0,101234
2023-01-28 08:00:00,99.0905333718405,99.1791537948822,98.83417580372051,99.0905333718405,2689,48.70808588873668,0.6745378252195563,98.49173717865901,False,False,ranging,False,False,False,False,0.0,0.34497799116168437,False,False,0,101234
2023-01-28 09:00:00,99.09610508860567,99.14664338148656,98.76852491848707,99.09610508860567,4917,49.76016615142819,0.6759658069244361,98.46175754991076,False,False,ranging,False,False,False,False,0.0,0.37811846299948115,False,False,0,101234
2023-01-28 10:00:00,99.08645505376167,99.48173431444405,98.81938080351071,99.08645505376167,8080,56.32050045627488,0.6663564971464483,98.42982906007653,True,False,bullish,False,False,False,False,0.0,0.6623535109333432,False,False,0,101234
2023-01-28 11:00:00,99.16568895806881,99.46765172765271,99.11413715613075,99.16568895806881,9611,58.33403742646754,0.6474699760210386,98.42766148345248,False,False,ranging,False,False,False,False,0.0,0.35351457152195565,False,False,0,101234
2023-01-28 12:00:00,99.10794479329924,99.44990836163795,98.9419694273038,99.10794479329924,3936,59.012149495216626,0.6577569926448632,98.44850827403121,False,False,ranging,False,False,False,False,0.0,0.5079389343341489,False,False,0,101234
2023-01-28 13:00:00,98.87847999054715,99.27361451074911,98.5258016088597,98.87847999054715,4862,73.06019146767635,0.6261788365831334,98.46459751845816,False,False,ranging,False,False,False,False,0.0,0.747812901889418,False,False,0,101234
2023-01-28 14:00:00,98.659736414051,98.69515697214833,98.39121546136802,98.659736414051,6649,69.23655494724255,0.6097413669203888,98.43636915355451,False,False,ranging,False,False,False,False,0.0,0.3039415107803052,False,False,0,101234
2023-01-28 15:00:00,98.64663510596459,99.28319157566717,98.46746664048858,98.64663510596459,4261,70.72582574441745,0.642228768314981,98.4126775502738,False,False,ranging,False,False,False,False,0.0,0.8157249351785936,False,False,0,101234
2023-01-28 16:00:00,98.42926519751109,98.61161179363941,98.14476079624383,98.42926519751109,2819,64.23461083220536,0.6026946733999675,98.40818031063279,False,False,ranging,False,False,False,False,0.0,0.4668509973955821,False,False,0,101234
2023-01-28 17:00:00,98.14412688444023,98.53322524840856,98.00516499681049,98.14412688444023,2342,50.11175607677395,0.5751652349468139,98.39434101661993,False,False,ranging,False,False,False,False,0.0,0.5280602515980632,False,False,0,101234
2023-01-28 18:00:00,98.18669897551699,98.19355939420666,97.77655763357892,98.18669897551699,6560,42.74076987772844,0.5654136412725675,98.3880847985559,False,False,ranging,False,False,False,False,0.0,0.4170017606277412,False,False,0,101234
2023-01-28 19:00:00,98.08470808854865,98.38449875823713,97.83025582474865,98.08470808854865,3226,42.82706002314143,0.5863743434660152,98.43066676900226,False,False,ranging,False,False,False,False,0.0,0.5542429334884815,False,False,0,101234
2023-01-28 20:00:00,98.68630528398172,98.8377377603502,98.31654828955118,98.68630528398172,2079,61.12790134423158,0.5864632815101335,98.50441449655062,False,False,ranging,False,False,False,False,0.0,0.5211894707990155,False,False,0,101234
2023-01-28 21:00:00,97.62591736062451,97.87810336857588,97.46022737932066,97.62591736062451,5206,25.546422187730016,0.5932624836760354,98.52976151853531,False,False,ranging,False,False,False,False,0.0,0.4178759892552222,False,False,0,101234
2023-01-28 22:00:00,98.0625201013935,98.22654017185391,97.8748308212997,98.0625201013935,7280,34.69839708997691,0.6115228279665865,98.56301455026218,False,False,ranging,False,False,False,False,0.0,0.35170935055421637,False,False,0,101234
2023-01-28 23:00:00,98.56095417839255,98.63263380814345,98.35192263286368,98.56095417839255,8235,43.05365247188359,0.6252367739487629,98.58421016394011,False,False,ranging,False,False,False,False,0.0,0.2807111752797766,False,False,0,101234
2023-01-29 00:00:00,97.73159808542928,97.84164540897369,97.55699011530386,97.73159808542928,1813,35.49943016337555,0.6496375276741446,98.5414066723789,False,False,ranging,False,False,False,False,0.0,0.2846552936698288,False,False,0,101234
2023-01-29 01:00:00,97.59452304779714,97.71205049251029,97.51639036879708,97.59452304779714,6089,33.38999937418092,0.637781173584228,98.49712720274718,False,False,ranging,False,False,False,False,0.0,0.1956601237132105,False,False,0,101234
2023-01-29 02:00:00,97.44594670139882,97.72266975674837,97.28429414454101,97.44594670139882,3031,32.760823370749804,0.6328123648608864,98.46754943397039,False,False,ranging,False,False,False,False,0.0,0.4383756122073663,False,False,0,101234
2023-01-29 03:00:00,96.8829420235117,97.36755473035254,96.58037561828884,96.8829420235117,9514,30.640694040018104,0.6412236635194982,98.35835423523424,False,False,ranging,False,False,False,False,0.0,0.7871791120636971,False,False,0,101234
2023-01-29 04:00:00,96.57181534847535,96.66851148923875,95.98302764097357,96.57181534847535,6911,30.101139629550786,0.6706986530451411,98.23241833406598,False,True,bearish,False,False,False,False,0.0,0.6854838482651786,False,False,0,101234
2023-01-29 05:00:00,96.12758501028902,96.49273256653667,96.02268999609912,96.12758501028902,3653,27.81535164224549,0.6516558257021156,98.08399233015015,False,False,ranging,False,False,False,False,0.0,0.47004257043755615,False,False,0,101234
2023-01-29 06:00:00,96.82849318765848,97.28488800323521,96.35905235624986,96.82849318765848,4340,37.008830864019274,0.6984721602182172,97.97109423684499,False,False,ranging,False,False,False,False,0.0,0.9258356469853481,False,False,0,101234
2023-01-29 07:00:00,97.20276454491747,97.50225781436185,97.17416128508508,97.20276454491747,8876,42.469262281755164,0.7088796155828823,97.87294801618742,False,False,ranging,False,False,False,False,0.0,0.32809652927677746,False,False,0,101234
2023-01-29 08:00:00,97.71138658291514,97.84087267673056,97.63235211809047,97.71138658291514,2141,46.4614398336916,0.7246729278104068,97.80312010566823,False,False,ranging,False,False,False,False,0.0,0.2085205586400889,False,False,0,101234
2023-01-29 09:00:00,98.00005540853243,98.12117443563342,97.79631257590097,98.00005540853243,9558,49.38682907095419,0.7143547077553924,97.75919887656748,False,False,ranging,False,False,False,False,0.0,0.32486185973245085,False,False,0,101234
2023-01-29 10:00:00,97.54843470004555,97.55569338196283,97.45782105019859,97.54843470004555,3897,41.574929965140434,0.6992978996505569,97.7036337908672,False,False,ranging,False,False,False,False,0.0,0.09787233176423626,False,False,0,101234
2023-01-29 11:00:00,97.33862659353363,97.60973715175267,97.2397922576295,97.33862659353363,5041,47.56628336387945,0.6381455417549924,97.63823336524567,False,False,ranging,False,False,False,False,0.0,0.3699448941231651,False,False,0,101234
2023-01-29 12:00:00,97.5343764180248,97.63168420254128,97.31481520673832,97.5343764180248,3038,45.33561657871876,0.6178774120816755,97.59348892627135,False,False,ranging,False,False,False,False,0.0,0.3168689958029631,False,False,0,101234
2023-01-29 13:00:00,97.04552529446802,97.39923723181596,96.94500788574278,97.04552529446802,5270,36.5935605053426,0.6192527567625378,97.53855884677273,False,False,ranging,False,False,False,False,0.0,0.454229346073177,False,False,0,101234
2023-01-29 14:00:00,97.33072466653698,97.68702848307545,97.23587787938214,97.33072466653698,5683,46.075802911999816,0.5933626942995909,97.49576013132373,False,False,ranging,False,False,False,False,0.0,0.45115060369330706,False,False,0,101234
2023-01-29 15:00:00,97.23459450727373,97.37397969646324,97.09381423033116,97.23459450727373,1494,46.44814446118154,0.5980025335495814,97.45325445226,False,False,ranging,False,False,False,False,0.0,0.2801654661320754,False,False,0,101234
2023-01-29 16:00:00,97.08466618425389,97.14501408101574,96.62399454729176,97.08466618425389,8116,46.435753908262896,0.6103042726763387,97.3731724972736,False,False,ranging,False,False,False,False,0.0,0.5210195337239867,False,False,0,101234
2023-01-29 17:00:00,97.36905017153529,97.45403653299914,97.1420135675392,97.36905017153529,2784,55.07472855078191,0.5748613630788577,97.36032913781914,False,False,ranging,False,False,False,False,0.0,0.31202296545994557,False,False,0,101234
2023-01-29 18:00:00,97.5467554961297,97.62442698824093,97.36301485792562,97.5467554961297,4510,60.46954344034621,0.5292540593486562,97.33454090755595,False,False,ranging,False,False,False,False,0.0,0.26141213031530697,False,False,0,101234
2023-01-29 19:00:00,97.40236902980207,97.57837717024465,97.09736409122912,97.40236902980207,4786,64.63172180191546,0.5243888969657482,97.27661165012643,False,False,ranging,False,False,False,False,0.0,0.4810130790155256,False,False,0,101234
2023-01-29 20:00:00,97.86610095114777,98.00857204813452,97.79287680904551,97.86610095114777,6266,62.59520841796692,0.4850246130647672,97.28333679341236,False,False,ranging,False,False,False,False,0.0,0.21569523908901544,False,False,0,101234
2023-01-29 21:00:00,97.4336756201078,97.69506480934498,97.42188343381952,97.4336756201078,6428,52.763938030776536,0.4686283909665444,97.27529442202788,False,False,ranging,False,False,False,False,0.0,0.27318137552546773,False,False,0,101234
2023-01-29 22:00:00,97.68004986288551,98.08384376695953,97.639700827565,97.68004986288551,7681,49.599782752794184,0.4694898206121617,97.28699958010222,False,False,ranging,False,False,False,False,0.0,0.4441429393945384,False,False,0,101234
2023-01-29 23:00:00,97.91729036607286,97.95520423993679,97.81713237610231,97.91729036607286,7893,48.92889498839444,0.45987314377880445,97.33871699723026,False,False,ranging,False,False,False,False,0.0,0.1380718638344831,False,False,0,101234
2023-01-30 00:00:00,97.79347179034727,98.37515049006475,97.36406175579792,97.79347179034727,5658,53.465152377178114,0.49336274205973246,97.39979981932387,True,False,bullish,False,False,False,False,0.0,1.0110887342668349,False,False,0,101234
2023-01-30 01:00:00,97.92392499924412,98.2240243966258,97.59939498094228,97.92392499924412,8082,58.46693191750034,0.5115544935997575,97.48961681877162,False,False,ranging,False,False,False,False,0.0,0.6246294156835148,False,False,0,101234
2023-01-30 02:00:00,97.42347956869,97.62680305984746,97.02981381066057,97.42347956869,7869,48.52572895095926,0.5527860787983708,97.5193661378232,False,False,ranging,False,False,False,False,0.0,0.5969892491868904,False,False,0,101234
2023-01-30 03:00:00,97.79309037637276,97.94726273127043,97.60646937928095,97.79309037637276,8607,60.26358083560158,0.5481014095339712,97.54888242939596,False,False,ranging,False,False,False,False,0.0,0.34079335198947547,False,False,0,101234
2023-01-30 04:00:00,97.71912952179557,97.77300405637745,97.32044952593495,97.71912952179557,8669,55.660896139444475,0.5360398139504271,97.54926957633998,False,False,ranging,False,False,False,False,0.0,0.45255453044249805,False,False,0,101234
2023-01-30 05:00:00,97.51004031358795,97.61522934337002,97.39399775738119,97.51004031358795,7219,53.886575340984486,0.5392516923991632,97.52476882159276,False,False,ranging,False,False,False,False,0.0,0.22123158598883208,False,False,0,101234
2023-01-30 06:00:00,97.9296440039227,98.076400142967,97.60234987636692,97.9296440039227,5534,61.079556161358155,0.5360916830703835,97.54382928678663,False,False,ranging,False,False,False,False,0.0,0.47405026660008787,False,False,0,101234
2023-01-30 07:00:00,97.6479065277056,97.83832296827413,97.04422539399538,97.6479065277056,6979,53.65897230339357,0.5729522731548177,97.55929328349522,False,False,ranging,False,False,False,False,0.0,0.7940975742787515,False,False,0,101234
2023-01-30 08:00:00,97.08452200916018,97.41743196174704,96.7774091453281,97.08452200916018,9890,44.49231886572879,0.616458362587832,97.536800563052,False,False,ranging,False,False,False,False,0.0,0.6400228164189485,False,False,0,101234
2023-01-30 09:00:00,96.46187033975062,96.58481593682917,96.3870777610581,96.46187033975062,2312,39.94017360658697,0.6319177318083007,97.50761781531612,False,False,ranging,False,False,False,False,0.0,0.19773817577107877,False,False,0,101234
2023-01-30 10:00:00,96.70427432028887,96.77665161667444,96.39074777806344,96.70427432028887,3962,36.95514728836583,0.6161820761139113,97.47629529800372,False,False,ranging,False,False,False,False,0.0,0.3859038386110001,False,False,0,101234
2023-01-30 11:00:00,96.19210257929036,96.39387468965118,96.1486362293613,96.19210257929036,3938,36.30500930177281,0.6241406885138626,97.42417070160454,False,False,ranging,False,False,False,False,0.0,0.24523846028988316,False,False,0,101234
2023-01-30 12:00:00,96.8940202520841,97.46398483255267,96.88684933909862,96.8940202520841,4197,42.1215666948912,0.6685488389717611,97.41463840499605,False,False,ranging,False,False,False,False,0.0,0.5771354934540511,False,False,0,101234
2023-01-30 13:00:00,96.06124848893062,96.10103861284539,95.95582421821649,96.06124848893062,6296,33.38077515394245,0.7159089573157849,97.34924832086583,False,True,bearish,False,False,False,False,0.0,0.14521439462889418,False,False,0,101234
2023-01-30 14:00:00,96.73983103624663,97.03218982764783,96.27080702859699,96.73983103624663,8204,41.41816476682784,0.7130412862050974,97.30890209787167,False,False,ranging,False,False,False,False,0.0,0.7613827990508355,False,False,0,101234
2023-01-30 15:00:00,96.82423802312768,97.15636222391377,96.57870942334507,96.82423802312768,6730,40.97542916297981,0.7096858136968963,97.27999554753794,False,False,ranging,False,False,False,False,0.0,0.5776528005686998,False,False,0,101234
2023-01-30 16:00:00,96.78555277837953,96.8216671275656,96.32584246097609,96.78555277837953,1126,44.335559719597114,0.6814204118088989,97.22596813889953,False,False,ranging,False,False,False,False,0.0,0.4958246665895132,False,False,0,101234
2023-01-30 17:00:00,96.56758514365595,97.21938600746016,96.41762590653383,96.56758514365595,6602,38.81702583158973,0.7012759074050346,97.18266361507695,False,False,ranging,False,False,False,False,0.0,0.8017601009263302,False,False,0,101234
2023-01-30 18:00:00,96.72723958939677,96.9814660925419,96.30744773695619,96.72723958939677,2191,41.088186536603125,0.7156600149155982,97.13502310140251,False,False,ranging,False,False,False,False,0.0,0.6740183555857016,False,False,0,101234
2023-01-30 19:00:00,96.71218570842683,96.872784164213,96.6018909205294,96.71218570842683,3639,42.57255997474023,0.7117858348633997,97.07476786852021,False,False,ranging,False,False,False,False,0.0,0.27089324368360224,False,False,0,101234
2023-01-30 20:00:00,97.15350646123343,97.18066644592469,96.52349850893795,97.15350646123343,2366,42.80382685721944,0.7182721282639487,97.04276960206451,False,False,ranging,False,False,False,False,0.0,0.6571679369867383,False,False,0,101234
2023-01-30 21:00:00,97.19919752069825,97.29879161986895,97.01154511564894,97.19919752069825,7453,45.64923159745242,0.6755455492848544,97.00653322813722,False,False,ranging,False,False,False,False,0.0,0.28724650422000764,False,False,0,101234
2023-01-30 22:00:00,97.259318225283,97.31646812921672,96.9937487803863,97.259318225283,7671,51.8781558963624,0.6364185468886338,96.99832516096687,False,False,ranging,False,False,False,False,0.0,0.3227193488304181,False,False,0,101234
2023-01-30 23:00:00,97.11387334039745,97.32670888553916,96.93616655370182,97.11387334039745,7683,57.80618800270159,0.6144969814411516,96.9643643091681,False,False,ranging,False,False,False,False,0.0,0.390542331837338,False,False,0,101234
2023-01-31 00:00:00,97.09109509090902,97.22174100207998,97.05403078212235,97.09109509090902,5539,54.88833773109778,0.5989117229659107,96.93296258762378,False,False,ranging,False,False,False,False,0.0,0.1677102199576268,False,False,0,101234
2023-01-31 01:00:00,97.21421579846584,97.36814753791867,96.62796856834076,97.21421579846584,9876,64.32527654903902,0.6120932142980777,96.91817136186766,True,False,bullish,False,False,False,False,0.0,0.7401789695779115,False,False,0,101234
2023-01-31 02:00:00,96.5301484414032,96.60801244467838,96.37842443012462,96.5301484414032,3887,44.87456301251631,0.580943865375143,96.8481965837417,False,False,ranging,False,False,False,False,0.0,0.22958801455375522,False,False,0,101234
2023-01-31 03:00:00,95.99087427256092,96.21251741682717,95.67320199644394,95.99087427256092,5086,48.91937082392107,0.5751403233102609,96.76534497098446,False,False,ranging,False,False,False,False,0.0,0.5393154203832324,False,False,0,101234
2023-01-31 04:00:00,96.28817991017,96.47279015537391,95.84368088943123,96.28817991017,3261,42.14490195121387,0.5507237466835093,96.72552786603495,False,False,ranging,False,False,False,False,0.0,0.629109265942688,False,False,0,101234
2023-01-31 05:00:00,96.35652608542118,96.63715769603456,95.76774992826194,96.35652608542118,5180,41.819874041946704,0.5715633871980756,96.72026065331849,False,False,ranging,False,False,False,False,0.0,0.8694077677726284,False,False,0,101234
2023-01-31 06:00:00,96.28293275088011,96.60872738573262,96.28182404932575,96.28293275088011,3841,41.31538765894872,0.5593139425020246,96.69919357484804,False,False,ranging,False,False,False,False,0.0,0.32690333640687186,False,False,0,101234
2023-01-31 07:00:00,96.29030632410627,96.45109535764048,95.98686741348376,96.29030632410627,7040,44.83295113432654,0.5352045027327667,96.70410376208883,False,False,ranging,False,False,False,False,0.0,0.4642279441567183,False,False,0,101234
2023-01-31 08:00:00,96.42933900625094,96.67175634573529,96.02689623159168,96.42933900625094,4560,44.405671532220964,0.5331217712011888,96.68086969979717,False,False,ranging,False,False,False,False,0.0,0.6448601141436114,False,False,0,101234
2023-01-31 09:00:00,96.2134351341272,96.3236213281476,95.99068986436568,96.2134351341272,5758,41.290856159812726,0.5451043353584504,96.68847903205702,False,False,ranging,False,False,False,False,0.0,0.33293146378191807,False,False,0,101234
2023-01-31 10:00:00,95.90211324396627,96.4535683470048,95.7565214933559,95.90211324396627,1626,27.10900371992379,0.5479528294057475,96.646593142443,False,False,ranging,False,False,False,False,0.0,0.6970468536488994,False,False,0,101234
2023-01-31 11:00:00,95.98045134600534,96.0474911407169,95.61118899205891,95.98045134600534,6014,27.969328051062732,0.5585996611513175,96.60440380858688,False,False,ranging,False,False,False,False,0.0,0.4363021486579868,False,False,0,101234
2023-01-31 12:00:00,95.58910223495933,95.69389727379479,95.08359795134677,95.58910223495933,2375,23.037111513323183,0.5996092358533279,96.54458128141587,False,False,ranging,False,False,False,False,0.0,0.6102993224480144,False,False,0,101234
2023-01-31 13:00:00,95.75240333724511,95.75822921901143,95.5835390791928,95.75240333724511,2181,28.147292272587492,0.5841912221377054,96.50382219109532,False,False,ranging,False,False,False,False,0.0,0.17469013981862247,False,False,0,101234
2023-01-31 14:00:00,95.07136989554998,95.16232383040025,94.80742558949936,95.07136989554998,6708,23.237054285542754,0.6397103312654286,96.42102870640298,False,True,bearish,False,False,False,False,0.0,0.3548982409008943,False,False,0,101234
2023-01-31 15:00:00,95.48303215048024,95.72301472106285,94.8869138169704,95.48303215048024,1490,28.689991186582503,0.6465618980164669,96.35957102850566,False,False,ranging,False,False,False,False,0.0,0.8361009040924472,False,False,0,101234
2023-01-31 16:00:00,95.67207114344546,96.15696432597645,95.51277987410188,95.67207114344546,4729,37.971579365593314,0.6350005270989659,96.28549926261626,False,False,ranging,False,False,False,False,0.0,0.6441844518745654,False,False,0,101234
2023-01-31 17:00:00,95.77448303717101,96.09058776291492,95.67394170281958,95.77448303717101,6974,46.54328432314289,0.6036841109925513,96.2142635384399,False,False,ranging,False,False,False,False,0.0,0.41664606009534566,False,False,0,101234
2023-01-31 18:00:00,96.16755943074922,96.48790030722299,96.06485808040233,96.16755943074922,4534,48.130368872267866,0.6097061112860719,96.15967559871322,False,False,ranging,False,False,False,False,0.0,0.4230422268206553,False,False,0,101234
2023-01-31 19:00:00,96.83374920853426,97.11884148612633,96.36750108231982,96.83374920853426,4296,56.24045173891032,0.6155542746863917,96.14566939212004,False,False,ranging,False,False,False,False,0.0,0.751340403806509,False,False,0,101234
2023-01-31 20:00:00,97.2394972345415,97.75268124631609,96.98330444157584,97.2394972345415,2940,61.50884102756246,0.6578420390703172,96.15308949930167,True,False,bullish,False,False,False,False,0.0,0.7693768047402472,False,False,0,101234
2023-01-31 21:00:00,96.50314754200885,96.53448230757009,96.37868789190027,96.50314754200885,6014,52.178626365132686,0.6861692818192111,96.11753608647882,False,False,ranging,False,False,False,False,0.0,0.155794415669817,False,False,0,101234
2023-01-31 22:00:00,95.99131675531457,96.04196327227157,95.85233019627914,95.99131675531457,2882,45.8343543451994,0.6865947983610751,96.09059450217438,False,False,ranging,False,False,False,False,0.0,0.1896330759924325,False,False,0,101234
2023-01-31 23:00:00,95.7413893242363,95.76240497317025,95.72833492364326,95.7413893242363,5908,45.53965064944024,0.6740471333457927,96.07812025475816,False,False,ranging,False,False,False,False,0.0,0.034070049526988555,False,False,0,101234
2023-02-01 00:00:00,95.75182574432063,96.10038923510308,95.58438388996507,95.75182574432063,3987,48.49432246379604,0.6611155970235865,96.05130254646568,False,False,ranging,False,False,False,False,0.0,0.5160053451380122,False,False,0,101234
2023-02-01 01:00:00,95.95888935250828,96.23709529276545,95.20002132919998,95.95888935250828,6585,49.78940975742606,0.7040278695169775,96.03142070982004,False,False,ranging,False,False,False,False,0.0,1.0370739635654616,False,False,0,101234
2023-02-01 02:00:00,95.6685918272469,95.74010252206733,95.57960958952596,95.6685918272469,4159,50.79198658442257,0.6670583243972459,96.00070366363839,False,False,ranging,False,False,False,False,0.0,0.16049293254137353,False,False,0,101234
2023-02-01 03:00:00,95.74329853303773,96.03585782197246,95.6709019525627,95.74329853303773,5530,49.90765493361314,0.680813742604884,95.97335327408496,False,False,ranging,False,False,False,False,0.0,0.364955869409755,False,False,0,101234
2023-02-01 04:00:00,95.4411453600964,95.59147361107836,95.09584113501055,95.4411453600964,1681,54.062669572988945,0.6595622890535578,95.92394359177723,False,False,ranging,False,False,False,False,0.0,0.49563247606781147,False,False,0,101234
2023-02-01 05:00:00,95.19653823889962,95.25341272387924,95.08064124355616,95.19653823889962,6254,46.732384486709414,0.625591089942686,95.87309874701586,False,False,ranging,False,False,False,False,0.0,0.1727714803230782,False,False,0,101234
2023-02-01 06:00:00,94.63387380016033,94.93418762793047,94.5725324338645,94.63387380016033,2073,39.088750194366696,0.6220249206240374,95.80968677482555,False,False,ranging,False,False,False,False,0.0,0.3616551940659747,False,False,0,101234
2023-02-01 07:00:00,94.26458050171597,95.07555018961574,93.73793779222132,94.26458050171597,3387,34.97413377992747,0.6876746190472492,95.72389323261108,False,False,ranging,False,False,False,False,0.0,1.3376123973944232,False,False,0,101234
2023-02-01 08:00:00,93.72390665946943,93.92726925532871,93.25200074190498,93.72390665946943,3693,26.37586767625811,0.7090433683157501,95.6306334538366,False,False,ranging,False,False,False,False,0.0,0.6752685134237311,False,False,0,101234
2023-02-01 09:00:00,93.3335573582785,93.52978006321672,93.19381568754305,93.3335573582785,5340,14.25531677694056,0.6789582909264128,95.50969115488826,False,True,bearish,False,False,False,False,0.0,0.33596437567366877,False,False,0,101234
2023-02-01 10:00:00,93.75501407692164,94.30420394597857,93.70976276345164,93.75501407692164,3156,14.529540913588477,0.6826521873491446,95.44387336395684,False,False,ranging,False,False,False,False,0.0,0.5944411825269356,False,False,0,101234
2023-02-01 11:00:00,93.37525452138887,93.52861530124636,93.35307025170636,93.37525452138887,8966,15.666937366241257,0.6498760789615768,95.33848448250227,False,False,ranging,False,False,False,False,0.0,0.1755450495400055,False,False,0,101234
2023-02-01 12:00:00,94.42820734732382,94.8403049108727,94.29270950447594,94.42820734732382,3580,34.664398320971486,0.7080355820868718,95.27629129269619,False,False,ranging,False,False,False,False,0.0,0.5475954063967663,False,False,0,101234
2023-02-01 13:00:00,94.62553450767618,94.66676906206449,94.56702701246775,94.62553450767618,8257,38.9382239997878,0.7062912880203973,95.21884386622145,False,False,ranging,False,False,False,False,0.0,0.09974204959674182,False,False,0,101234
2023-02-01 14:00:00,94.69946895715412,94.985331321315,94.47198433648785,94.69946895715412,3159,39.69740168810206,0.7061014051410501,95.1454393425417,False,False,ranging,False,False,False,False,0.0,0.5133469848271517,False,False,0,101234
2023-02-01 15:00:00,94.35612584508164,94.83980932247823,94.01694124460037,94.35612584508164,7772,34.71671946083971,0.6908009847347927,95.02155817436906,False,False,ranging,False,False,False,False,0.0,0.8228680778778568,False,False,0,101234
2023-02-01 16:00:00,94.63624979684523,95.03072413292045,94.44943642967516,94.63624979684523,2627,40.13688280318301,0.7118951650816854,94.89139580248425,False,False,ranging,False,False,False,False,0.0,0.5812877032452946,False,False,0,101234
2023-02-01 17:00:00,94.40599466635013,94.89798402516155,94.21713579108358,94.40599466635013,9219,37.5920379295345,0.7342938964640007,94.78653815870132,False,False,ranging,False,False,False,False,0.0,0.6808482340779705,False,False,0,101234
2023-02-01 18:00:00,94.45479859220826,94.67743683952983,94.21350386431027,94.45479859220826,8080,40.396863427692836,0.721185009120599,94.709712250546,False,False,ranging,False,False,False,False,0.0,0.46393297521956356,False,False,0,101234
2023-02-01 19:00:00,95.47883240751578,95.50146249918626,95.210225778287,95.47883240751578,2985,52.38626819564963,0.7701964227232959,94.69658440470997,False,False,ranging,False,False,False,False,0.0,0.29123672089926345,False,False,0,101234
2023-02-01 20:00:00,95.44040844762593,95.92099819119508,95.25093512887632,95.44040844762593,9488,57.48075391261697,0.7734862268149841,94.68101353987524,False,False,ranging,False,False,False,False,0.0,0.6700630623187607,False,False,0,101234
2023-02-01 21:00:00,95.9001177781402,95.97393652457919,95.8241682067288,95.9001177781402,3181,64.91966236964385,0.7160516324977583,94.67807496115684,False,False,ranging,False,False,False,False,0.0,0.1497683178503877,False,False,0,101234
2023-02-01 22:00:00,95.61884720808985,95.8718211866847,95.37274400430611,95.61884720808985,3296,68.14471006840542,0.6813940620708365,94.67558773019898,False,False,ranging,False,False,False,False,0.0,0.4990771823785849,False,False,0,101234
2023-02-01 23:00:00,95.60485181189107,96.25613462714041,95.59476804247996,95.60485181189107,8164,73.43768509353883,0.6907708915518417,94.66866539414164,False,False,ranging,False,False,False,False,0.0,0.6613665846604562,False,False,0,101234
2023-02-02 00:00:00,96.31317206614527,96.36593780987498,96.17674979250293,96.31317206614527,3597,74.9223661718554,0.6758022780006873,94.7122667294441,False,False,ranging,False,False,False,False,0.0,0.1891880173720466,False,False,0,101234
2023-02-02 01:00:00,96.06238524303016,96.09934668506551,95.90745634986389,96.06238524303016,1901,76.85368740957341,0.6760716987911225,94.75555907965062,False,False,ranging,False,False,False,False,0.0,0.19189033520162013,False,False,0,101234
2023-02-02 02:00:00,96.78736466622894,96.95281027904107,96.72842469120052,96.78736466622894,7060,75.22997063336506,0.6350270306859136,94.86323362295406,False,False,ranging,False,False,False,False,0.0,0.2243855878405583,False,False,0,101234
2023-02-02 03:00:00,97.07046544041113,97.08354617432286,97.00870761114703,97.07046544041113,2677,75.67621697337967,0.6391427302111461,95.00352786988881,False,False,ranging,False,False,False,False,0.0,0.07483856317583104,False,False,0,101234
2023-02-02 04:00:00,96.84547873005342,97.35399404218263,96.62150522609134,96.84547873005342,3881,71.8439697729976,0.6547957181585845,95.159606473418,False,False,ranging,False,False,False,False,0.0,0.7324888160912906,False,False,0,101234
2023-02-02 05:00:00,97.09844182567562,97.28523663419595,97.04540957674088,97.09844182567562,6622,78.43691795428356,0.627430705748919,95.34785069678787,False,False,ranging,False,False,False,False,0.0,0.2398270574550736,False,False,0,101234
2023-02-02 06:00:00,97.48746360552632,97.54584584209749,97.02287811586719,97.48746360552632,9052,78.91315786802538,0.6165999513483109,95.5344731732181,False,False,ranging,False,False,False,False,0.0,0.5229677262303056,False,False,0,101234
2023-02-02 07:00:00,97.7361875904132,97.95892876612261,97.58884146627057,97.7361875904132,2378,83.64429463736232,0.6016440175281913,95.75251982666933,True,False,bullish,False,False,False,False,0.0,0.37008729985204525,False,False,0,101234
2023-02-02 08:00:00,97.10809770245702,97.50410445582322,97.02263505444611,97.10809770245702,2248,73.99696407655543,0.619473986153014,95.88651434442598,False,False,ranging,False,False,False,False,0.0,0.4814694013771117,False,False,0,101234
2023-02-02 09:00:00,96.81724283212706,97.00077355939865,96.74038890637846,96.81724283212706,6650,63.95565281449104,0.5709771925173399,95.99609976064852,False,False,ranging,False,False,False,False,0.0,0.2603846530201963,False,False,0,101234
2023-02-02 10:00:00,96.71823537790647,96.72934641702099,96.64578614414523,96.71823537790647,7079,63.15771042246061,0.5353624514932734,96.09703808168612,False,False,ranging,False,False,False,False,0.0,0.08356027287575785,False,False,0,101234
2023-02-02 11:00:00,96.68846200626645,96.81725267362162,96.6699327463084,96.68846200626645,8036,58.90608451137953,0.5077761550904134,96.21365488974537,False,False,ranging,False,False,False,False,0.0,0.14731992731321952,False,False,0,101234
2023-02-02 12:00:00,96.93673084528672,97.14445713924887,96.7928983898609,96.93673084528672,7487,65.00024855884143,0.5026776807438661,96.32867894216744,False,False,ranging,False,False,False,False,0.0,0.3515587493879764,False,False,0,101234
2023-02-02 13:00:00,97.00781124566002,97.42970648476157,96.74545612342027,97.00781124566002,2058,65.76373909733934,0.5043122362210691,96.45876977113294,False,False,ranging,False,False,False,False,0.0,0.6842503613412987,False,False,0,101234
2023-02-02 14:00:00,96.47367350217598,96.49860517396459,96.27874393412151,96.47367350217598,3048,51.87686945747702,0.502025187189255,96.55971351663133,False,False,ranging,False,False,False,False,0.0,0.21986123984308392,False,False,0,101234
2023-02-02 15:00:00,96.62575264257836,97.07716875478766,96.26479238596161,96.62575264257836,7115,56.74357552097437,0.5310723766567317,96.61705952838446,False,True,bearish,False,False,False,False,0.0,0.812376368826051,False,False,0,101234
2023-02-02 16:00:00,96.86998694069189,97.09800372979876,96.55737361701895,96.86998694069189,5248,51.117628099360914,0.5060870249973674,96.68853845303775,False,False,ranging,False,False,False,False,0.0,0.5406301127798088,False,False,0,101234
2023-02-02 17:00:00,97.09390311986431,97.11863504574465,96.94774224350583,97.09390311986431,3476,50.322199501767415,0.5026917819229989,96.74822772012396,False,False,ranging,False,False,False,False,0.0,0.17089280223882497,False,False,0,101234
2023-02-02 18:00:00,97.52621541008615,97.96348085992562,97.4206390147412,97.52621541008615,5603,58.85346823031445,0.5124838479208579,96.84359613022377,False,False,ranging,False,False,False,False,0.0,0.5428418451844266,False,False,0,101234
2023-02-02 19:00:00,97.85978427190571,97.95254699502067,97.62878545204647,97.85978427190571,4553,59.69845914229577,0.5115248251202849,96.9563427532245,False,False,ranging,False,False,False,False,0.0,0.32376154297419646,False,False,0,101234
2023-02-02 20:00:00,98.04345630359708,98.26910322527426,97.65462130432212,98.04345630359708,1220,57.473583962358305,0.5180615533147019,97.0428569650971,True,False,bullish,False,False,False,False,0.0,0.6144819209521444,False,False,0,101234
2023-02-02 21:00:00,98.01539001901362,98.11114237213938,97.87855377077136,98.01539001901362,5818,53.98967575147954,0.5009989419412538,97.14050720389626,False,False,ranging,False,False,False,False,0.0,0.23258860136802184,False,False,0,101234
2023-02-02 22:00:00,97.35100564560723,97.75314077941417,97.29657765957305,97.35100564560723,8192,53.43540980930298,0.5013746436179319,97.16868925286518,False,False,ranging,False,False,False,False,0.0,0.4565631198411211,False,False,0,101234
2023-02-02 23:00:00,97.52285293326027,98.08540467415399,97.3443440935096,97.52285293326027,5623,60.326962978277166,0.5280426282297768,97.19130862750765,False,False,ranging,False,False,False,False,0.0,0.7410605806443868,False,False,0,101234
2023-02-03 00:00:00,97.60592800812552,97.64043583186974,97.43870109219301,97.60592800812552,8349,63.052705671260064,0.5302053462079834,97.22933109141125,False,False,ranging,False,False,False,False,0.0,0.2017347396767235,False,False,0,101234
2023-02-03 01:00:00,97.71455954300366,97.76259938167365,97.59066019636063,97.71455954300366,6618,64.74585555144975,0.5319638646365407,97.26013697727765,False,False,ranging,False,False,False,False,0.0,0.17193918531302188,False,False,0,101234
2023-02-03 02:00:00,97.20386011267554,97.40526213561068,96.92585062002135,97.20386011267554,8209,53.56961962949259,0.5557291353508182,97.2459568026351,False,False,ranging,False,False,False,False,0.0,0.4794115155893337,False,False,0,101234
2023-02-03 03:00:00,96.77143749651223,96.83539648498355,96.7620057453998,96.77143749651223,5576,47.11953408416077,0.5384151357747068,97.19771929794005,False,True,bearish,False,False,False,False,0.0,0.07339073958374343,False,False,0,101234
2023-02-03 04:00:00,97.1926986378454,97.41828943736704,96.93817004758816,97.1926986378454,2871,59.00995493333897,0.5325426092972988,97.20194934470949,False,False,ranging,False,False,False,False,0.0,0.4801193897788778,False,False,0,101234
2023-02-03 05:00:00,97.17687657630273,97.27259275700271,97.00493823233037,97.17687657630273,8915,57.15018563103536,0.4936339061434621,97.21993103191826,False,False,ranging,False,False,False,False,0.0,0.26765452467233786,False,False,0,101234
2023-02-03 06:00:00,97.44947685525179,97.68828461229283,96.91371690767156,97.44947685525179,2462,57.46326897032414,0.5103437341321383,97.25649310578554,False,False,ranging,False,False,False,False,0.0,0.7745677046212762,False,False,0,101234
2023-02-03 07:00:00,97.46080420570397,97.78360634728355,97.35291530396823,97.46080420570397,6521,54.999073819073935,0.5233468011508923,97.2951102157574,False,False,ranging,False,False,False,False,0.0,0.4306910433153206,False,False,0,101234
2023-02-03 08:00:00,97.47270666150226,97.47910015610384,97.38237445974474,97.47270666150226,9536,49.176606268436274,0.46814308374359115,97.32190900656818,False,False,ranging,False,False,False,False,0.0,0.09672569635910122,False,False,0,101234
2023-02-03 09:00:00,97.84802018389266,98.41837738961856,97.7928698289959,97.84802018389266,9236,49.82127017531306,0.5052387368280041,97.36391945347982,True,False,bullish,False,False,False,False,0.0,0.6255075606226512,False,False,0,101234
2023-02-03 10:00:00,97.64160229260571,97.6598005367501,96.83369219341157,97.64160229260571,8813,43.93660614793905,0.5337991703657862,97.4223158930013,False,False,ranging,False,False,False,False,0.0,0.8261083433385323,False,False,0,101234
2023-02-03 11:00:00,97.6800506033821,97.89257263345525,97.57511059601173,97.6800506033821,3068,44.9560176327765,0.5398615586568931,97.47503079104149,False,False,ranging,False,False,False,False,0.0,0.3174620374435193,False,False,0,101234
2023-02-03 12:00:00,97.49514048790009,97.94925480568394,97.19392410884748,97.49514048790009,6753,52.533411303171015,0.5424700113280271,97.50628846840189,False,False,ranging,False,False,False,False,0.0,0.7553306968364524,False,False,0,101234
2023-02-03 13:00:00,97.32134199692716,97.86228389980394,97.29270272280044,97.32134199692716,8237,46.46053549547076,0.5302214824965351,97.51766041225504,False,False,ranging,False,False,False,False,0.0,0.5695811770034993,False,False,0,101234
2023-02-03 14:00:00,97.1976731475397,97.67291393044135,96.66479924749977,97.1976731475397,8016,42.929976102436015,0.5878200498725964,97.50123329912773,False,True,bearish,False,False,False,False,0.0,1.0081146829415815,False,False,0,101234
2023-02-03 15:00:00,97.28652665619319,97.36666465149663,97.26234673140416,97.28652665619319,7191,42.53633924928137,0.5876095012043042,97.47257041834209,False,False,ranging,False,False,False,False,0.0,0.10431792009246976,False,False,0,101234
2023-02-03 16:00:00,97.09502720752779,97.24764471449677,96.84511039042756,97.09502720752779,2514,47.864552649935995,0.5628028828316839,97.42514896353863,False,False,ranging,False,False,False,False,0.0,0.4025343240692081,False,False,0,101234
2023-02-03 17:00:00,97.5973296577572,98.07168686836684,97.32271257508916,97.5973296577572,3598,65.77258314508697,0.6010032609433489,97.40424594547582,False,False,ranging,False,False,False,False,0.0,0.7489742932776835,False,False,0,101234
2023-02-03 18:00:00,97.2394867368694,97.50799823109223,97.07462465449073,97.2394867368694,2001,50.91572315375769,0.5921356225441821,97.39867000003892,False,False,ranging,False,False,False,False,0.0,0.4333735766014968,False,False,0,101234
2023-02-03 19:00:00,97.16473807920485,97.30965639470989,97.12970830446628,97.16473807920485,2033,49.76778508526076,0.5858708772278446,97.38076425733615,False,False,ranging,False,False,False,False,0.0,0.17994809024361302,False,False,0,101234
2023-02-03 20:00:00,96.98884565589518,97.03288355949084,96.79817830347386,96.98884565589518,7899,40.849331150554285,0.5567274537356813,97.34991013972463,False,False,ranging,False,False,False,False,0.0,0.23470525601698,False,False,0,101234
2023-02-03 21:00:00,97.56763680963667,98.0513029981133,97.04598140408066,97.56763680963667,9465,51.73182699061244,0.6018536179430244,97.34256400305628,False,False,ranging,False,False,False,False,0.0,1.0053215940326368,False,False,0,101234
2023-02-03 22:00:00,97.64625872024129,97.91531051500095,97.54988589040592,97.64625872024129,6051,52.75382449030032,0.6210463985313055,97.36468393343458,False,False,ranging,False,False,False,False,0.0,0.3654246245950361,False,False,0,101234
2023-02-03 23:00:00,98.05899653602874,98.13955573040049,97.50922942298499,98.05899653602874,5476,53.30835982324789,0.5985217970526772,97.42906188541039,False,False,ranging,False,False,False,False,0.0,0.6303263074155012,False,False,0,101234
2023-02-04 00:00:00,97.46477238681395,97.73213005443853,97.22052685817847,97.46477238681395,1478,47.527781256298304,0.5859604890076184,97.44266557285883,False,False,ranging,False,False,False,False,0.0,0.5116031962600545,False,False,0,101234
2023-02-04 01:00:00,97.57159249316165,98.21713711356044,97.42697247496103,97.57159249316165,1515,48.51211686695382,0.6197249605187533,97.46240136870176,False,False,ranging,False,False,False,False,0.0,0.790164638599407,False,False,0,101234
2023-02-04 02:00:00,97.92744481141102,98.14319080718374,97.81682486721577,97.92744481141102,2191,55.664878162831215,0.6066012188891564,97.48629976650973,False,False,ranging,False,False,False,False,0.0,0.32636593996797103,False,False,0,101234
2023-02-04 03:00:00,97.96035840712119,98.0236974787695,97.84221921765632,97.96035840712119,7297,58.69464660984362,0.5788795820398482,97.5112774765806,False,False,ranging,False,False,False,False,0.0,0.18147826111318466,False,False,0,101234
2023-02-04 04:00:00,98.38655055714733,98.68270441529269,97.80824878334364,98.38655055714733,1271,64.94581272308031,0.569332506968953,97.55696967136285,False,False,ranging,False,False,False,False,0.0,0.8744556319490471,False,False,0,101234
2023-02-04 05:00:00,98.17963517710719,98.21901226723487,98.09597015886196,98.17963517710719,9334,60.903922055723974,0.578017427992413,97.57355042102357,False,False,ranging,False,False,False,False,0.0,0.12304210837291407,False,False,0,101234
2023-02-04 06:00:00,98.74337415318142,98.76642971806905,98.48982676182612,98.74337415318142,8778,68.44781489481213,0.5884015905064298,97.62863901405235,False,False,ranging,False,False,False,False,0.0,0.2766029562429253,False,False,0,101234
2023-02-04 07:00:00,99.66293340262912,99.73039019717154,99.6482642475869,99.66293340262912,7008,71.1429563198445,0.5891413321600781,97.7277831540147,False,False,ranging,False,False,False,False,0.0,0.08212594958465047,False,False,0,101234
2023-02-04 08:00:00,99.51779797845326,99.7127987527003,99.0962410244122,99.51779797845326,8987,74.38186384946079,0.595845098233052,97.82891602854237,False,False,ranging,False,False,False,False,0.0,0.6165577282881003,False,False,0,101234
2023-02-04 09:00:00,99.33959696989295,99.39019337148297,99.32387563471971,99.33959696989295,4332,72.77055099447813,0.5968432591966187,97.92982877719065,False,False,ranging,False,False,False,False,0.0,0.06631773676325281,False,False,0,101234
2023-02-04 10:00:00,99.92095076074003,100.05353295561085,99.40971910586337,99.92095076074003,1787,78.29639867435165,0.6216558456242548,98.06599265785067,False,False,ranging,False,False,False,False,0.0,0.6438138497474739,False,False,0,101234
2023-02-04 11:00:00,100.55277961903231,100.87989934226516,100.1787121043719,100.55277961903231,7222,78.51632384831863,0.6142623627176127,98.22930530599263,True,False,bullish,False,False,False,False,0.0,0.7011872378932651,False,False,0,101234
2023-02-04 12:00:00,100.343635608171,100.76691532209487,100.3250344053612,100.343635608171,1622,75.14044312557385,0.6197235264418016,98.39173572602479,False,False,ranging,False,False,False,False,0.0,0.44188091673368035,False,False,0,101234
2023-02-04 13:00:00,100.17556088133266,100.20513732101793,99.89012609821523,100.17556088133266,4841,70.66976042020819,0.6070937551946776,98.52064728720356,False,False,ranging,False,False,False,False,0.0,0.31501122280269556,False,False,0,101234
2023-02-04 14:00:00,100.06284703778846,100.0685019246719,99.95289493167805,100.06284703778846,4676,78.00588909979592,0.5631077746092734,98.66181530224951,False,False,ranging,False,False,False,False,0.0,0.11560699299386101,False,False,0,101234
2023-02-04 15:00:00,99.52506683337475,99.73753116035172,99.01390535732673,99.52506683337475,3572,69.26729965294882,0.5815918490280103,98.779831739958,False,False,ranging,False,False,False,False,0.0,0.7236258030249871,False,False,0,101234
2023-02-04 16:00:00,99.15760605478107,99.22757089416012,98.8802662583422,99.15760605478107,7915,62.105474696708484,0.5868205819573282,98.8882697599023,False,False,ranging,False,False,False,False,0.0,0.34730463581792037,False,False,0,101234
2023-02-04 17:00:00,98.75594974808024,99.04189073825421,98.28708311752779,98.75594974808024,6033,57.299331653683915,0.6360380588244782,98.94768540682448,False,False,ranging,False,False,False,False,0.0,0.7548076207264245,False,False,0,101234
2023-02-04 18:00:00,98.4488307220386,98.53496797159914,98.3666327974898,98.4488307220386,8788,50.58416699539096,0.6013852958702921,98.98781400691436,False,False,ranging,False,False,False,False,0.0,0.16833517410934462,False,False,0,101234
2023-02-04 19:00:00,98.43495676708388,98.61868797947601,98.36194157327137,98.43495676708388,6214,52.48481386451552,0.59896858215024,99.00661201846711,False,False,ranging,False,False,False,False,0.0,0.2567464062046412,False,False,0,101234
2023-02-04 20:00:00,98.52864266009848,98.63709371766032,98.43869120121602,98.52864266009848,5712,47.699759109220665,0.5714930399798531,99.05980553213134,False,False,ranging,False,False,False,False,0.0,0.19840251644430396,False,False,0,101234
2023-02-04 21:00:00,99.14884285722411,99.4919607194203,98.5776018803522,99.14884285722411,1066,44.115571089871004,0.5698003267892601,99.13866805033446,False,False,ranging,False,False,False,False,0.0,0.9143588390681003,False,False,0,101234
2023-02-04 22:00:00,98.7495012409286,98.78206915266155,98.26171356631997,98.7495012409286,8533,41.68947894540757,0.5891268669761202,99.17977087181033,False,True,bearish,False,False,False,False,0.0,0.5203555863415801,False,False,0,101234
2023-02-04 23:00:00,99.14323020031922,99.15319919751256,98.47759613028478,99.14323020031922,5616,47.970563195836455,0.6235326329399941,99.23891446147023,False,False,ranging,False,False,False,False,0.0,0.6756030672277831,False,False,0,101234
2023-02-05 00:00:00,99.05763466262901,99.12006971981077,99.009921099509,99.05763466262901,2140,40.05901017941846,0.5820592840180174,99.27246866674432,False,False,ranging,False,False,False,False,0.0,0.11014862030177142,False,False,0,101234
2023-02-05 01:00:00,99.03784917876804,99.07641043219972,98.94916183214391,99.03784917876804,6730,29.693495436821067,0.5226521424844941,99.31537936682736,False,False,ranging,False,False,False,False,0.0,0.12724860005580751,False,False,0,101234
2023-02-05 02:00:00,99.30777697563468,99.87233168928397,98.85278421080844,99.30777697563468,8465,36.33772295711854,0.5639140397517691,99.34359950795002,False,False,ranging,False,False,False,False,0.0,1.0195474784755305,False,False,0,101234
2023-02-05 03:00:00,98.85868816700976,99.02330563933205,98.41560783917427,98.85868816700976,5471,33.82998323336302,0.5952468702163866,99.30338724616907,False,False,ranging,False,False,False,False,0.0,0.60769780015778,False,False,0,101234
2023-02-05 04:00:00,99.01165206548337,99.03950553582571,98.661318200103,99.01165206548337,4339,37.218607932855974,0.6063555406498224,99.27807995052055,False,False,ranging,False,False,False,False,0.0,0.3781873357227141,False,False,0,101234
2023-02-05 05:00:00,99.0782329487686,99.12618986636782,99.01320027963982,99.0782329487686,1548,43.86387307320262,0.5396124063943029,99.26501174946434,False,False,ranging,False,False,False,False,0.0,0.11298958672800552,False,False,0,101234
2023-02-05 06:00:00,99.27521345437187,99.58351599664965,98.94602269608201,99.27521345437187,8675,51.69437287609995,0.5390904582182381,99.23272488414594,False,False,ranging,False,False,False,False,0.0,0.6374933005676411,False,False,0,101234
2023-02-05 07:00:00,99.390880911935,99.7705932641944,99.2142208639134,99.390880911935,9264,59.96896192398711,0.5166511341487896,99.17462994879108,False,False,ranging,False,False,False,False,0.0,0.5563724002810062,False,False,0,101234
2023-02-05 08:00:00,100.37300096789936,100.63285342236371,100.12182223858444,100.37300096789936,1198,74.92744890616177,0.577555102708666,99.17609821677749,True,False,bullish,False,False,False,False,0.0,0.5110311837792665,False,False,0,101234
2023-02-05 09:00:00,100.11790497419884,100.40874213435686,99.9355423959961,100.11790497419884,1571,70.51993947494398,0.5930160550055318,99.17321542142079,False,False,ranging,False,False,False,False,0.0,0.473199738360762,False,False,0,101234
2023-02-05 10:00:00,99.9055061921981,100.03366450075961,99.74376938125341,99.9055061921981,1790,66.31557496459,0.6053016723176015,99.16534837914128,False,False,ranging,False,False,False,False,0.0,0.2898951195061983,False,False,0,101234
2023-02-05 11:00:00,99.65624998162819,99.85011817458134,99.49176934315066,99.65624998162819,2174,56.5922165352539,0.566045871583717,99.17190753655396,False,False,ranging,False,False,False,False,0.0,0.35834883143067486,False,False,0,101234
2023-02-05 12:00:00,99.4340591339641,99.96665240174696,99.18405896043001,99.4340591339641,1178,59.32289309908406,0.5585790251846318,99.18573019051311,False,False,ranging,False,False,False,False,0.0,0.7825934413169477,False,False,0,101234
2023-02-05 13:00:00,99.1791042830415,99.53719533256844,98.84764544512274,99.1791042830415,3244,50.50775647527271,0.5595752266287691,99.20688791726117,False,False,ranging,False,False,False,False,0.0,0.6895498874457076,False,False,0,101234
2023-02-05 14:00:00,99.65471089548451,99.93045714756751,99.58854846738035,99.65471089548451,5086,57.610685061722606,0.6037212097513256,99.26718192593346,False,False,ranging,False,False,False,False,0.0,0.34190868018716003,False,False,0,101234
2023-02-05 15:00:00,100.22291259468045,100.52308729009334,99.85752484898879,100.22291259468045,1734,63.25267610499253,0.6566589093622558,99.35657971731328,False,False,ranging,False,False,False,False,0.0,0.6655624411045551,False,False,0,101234
2023-02-05 16:00:00,99.99461407718066,100.19580013990365,99.84065516782664,99.99461407718066,7232,57.75315287712415,0.6111381913892758,99.4298782881674,False,False,ranging,False,False,False,False,0.0,0.3551449720770137,False,False,0,101234
2023-02-05 17:00:00,99.66167184793896,100.07941143795826,99.44629618071468,99.66167184793896,1798,59.30831844085012,0.5926343428737876,99.45551973770314,False,False,ranging,False,False,False,False,0.0,0.6331152572435741,False,False,0,101234
2023-02-05 18:00:00,99.85023807049352,99.9252520248732,99.78108068293945,99.85023807049352,8601,59.64144439685799,0.5844481172460395,99.51055657918138,False,False,ranging,False,False,False,False,0.0,0.14417134193375603,False,False,0,101234
2023-02-05 19:00:00,99.62934885278113,99.7159569415651,99.27543129027292,99.62934885278113,9979,56.119200492066,0.6173244729129073,99.53486251180448,False,False,ranging,False,False,False,False,0.0,0.4405256512921767,False,False,0,101234
2023-02-05 20:00:00,99.88252157988335,99.9606181315147,99.82428929059733,99.88252157988335,3795,56.66001298226434,0.5954513284961881,99.5761068576672,False,False,ranging,False,False,False,False,0.0,0.13632884091737196,False,False,0,101234
2023-02-05 21:00:00,99.96369078822387,100.00398341066503,99.8043264998416,99.96369078822387,5588,56.3295822895238,0.5699716506777902,99.62239893813998,False,False,ranging,False,False,False,False,0.0,0.1996569108234354,False,False,0,101234
2023-02-05 22:00:00,99.35739314222498,99.60063562417291,99.21223014686856,99.35739314222498,8297,37.76093218636545,0.5349350886011186,99.6248797464695,False,False,ranging,False,False,False,False,0.0,0.38840547730434594,False,False,0,101234
2023-02-05 23:00:00,99.976395222757,100.21444183892267,99.64570757780608,99.976395222757,4084,48.432180168640066,0.5623528713394705,99.68076509925686,False,False,ranging,False,False,False,False,0.0,0.5687342611165889,False,False,0,101234
2023-02-06 00:00:00,100.69474629199522,101.21930588396667,100.49033843886234,100.69474629199522,1731,57.86268141614689,0.6244082333583449,99.76491981058246,False,False,ranging,False,False,False,False,0.0,0.7289674451043311,False,False,0,101234
2023-02-06 01:00:00,100.44963081580146,100.8409328886649,100.32704862349092,100.44963081580146,2129,57.91045919020963,0.6315616202245258,99.8334897039341,False,False,ranging,False,False,False,False,0.0,0.5138842651739708,False,False,0,101234
2023-02-06 02:00:00,100.29455019182706,100.79329778823777,100.20220765048539,100.29455019182706,2605,58.69596044819959,0.6178828128270563,99.88445654080687,False,False,ranging,False,False,False,False,0.0,0.5910901377523743,False,False,0,101234
2023-02-06 03:00:00,100.40889634811703,100.71866020941953,100.15732060858285,100.40889634811703,3933,62.79157440432905,0.6087249352121253,99.93535731261596,False,False,ranging,False,False,False,False,0.0,0.5613396008366749,False,False,0,101234
2023-02-06 04:00:00,100.54267906411184,100.88069060516011,100.2766747874268,100.54267906411184,9516,59.94317240406012,0.5982008604412182,99.94384121742658,False,False,ranging,False,False,False,False,0.0,0.6040158177333126,False,False,0,101234
2023-02-06 05:00:00,100.80609677318097,101.13338670224553,100.64565157227719,100.80609677318097,6074,57.00869807037124,0.5783673778358513,99.9782508073757,False,False,ranging,False,False,False,False,0.0,0.48773512996834256,False,False,0,101234
2023-02-06 06:00:00,101.6101785886875,101.73342287507388,101.24148443794078,101.6101785886875,8099,67.05543927361326,0.6173008546243588,100.06348442720017,False,False,ranging,False,False,False,False,0.0,0.4919384371331006,False,False,0,101234
2023-02-06 07:00:00,101.53939969768989,101.87111109823567,101.34820737358125,101.53939969768989,2490,70.98464696681616,0.6094286022965625,100.15764191300325,True,False,bullish,False,False,False,False,0.0,0.5229037246544266,False,False,0,101234
2023-02-06 08:00:00,101.22008079987451,101.28455710896112,101.08256478880907,101.22008079987451,1893,64.87406043278457,0.6232325117213183,100.24694299629877,False,False,ranging,False,False,False,False,0.0,0.20199232015205837,False,False,0,101234
2023-02-06 09:00:00,100.6683531086687,100.76076339392442,100.04224500308807,100.6683531086687,2390,60.52552136876619,0.6663060129045927,100.32140543758013,False,False,ranging,False,False,False,False,0.0,0.7185183908363513,False,False,0,101234
2023-02-06 10:00:00,100.37598109269193,100.60987925237274,100.20059577349477,100.37598109269193,4389,54.9595496006997,0.6760551597931895,100.3574689474405,False,False,ranging,False,False,False,False,0.0,0.4092834788779669,False,False,0,101234
2023-02-06 11:00:00,100.3627303035424,100.75582292737829,100.35341262368114,100.3627303035424,5239,54.06608651001069,0.6905375449984551,100.3644598328836,False,False,ranging,False,False,False,False,0.0,0.40241030369715247,False,False,0,101234
2023-02-06 12:00:00,101.08055344894952,101.49925859218651,100.80764842385497,101.08055344894952,5479,67.16825537297366,0.7180423769476546,100.41875680147204,False,False,ranging,False,False,False,False,0.0,0.6916101683315361,False,False,0,101234
2023-02-06 13:00:00,100.87350892933505,101.04215933730853,100.59255701689817,100.87350892933505,3263,59.737494396523026,0.6916815009014873,100.47934865554184,False,False,ranging,False,False,False,False,0.0,0.44960232041036363,False,False,0,101234
2023-02-06 14:00:00,100.9630241099906,101.02579067211396,100.76269024304993,100.9630241099906,4432,53.37231076663538,0.6216950557482274,100.5349879575167,False,False,ranging,False,False,False,False,0.0,0.26310042906402487,False,False,0,101234
2023-02-06 15:00:00,100.9564549515615,101.46148640922779,100.86879713306358,100.9564549515615,3371,56.77733777925257,0.6273239851046729,100.60134326245573,False,False,ranging,False,False,False,False,0.0,0.592689276164208,False,False,0,101234
2023-02-06 16:00:00,101.43181226094073,101.67357328088958,101.37561355541882,101.43181226094073,5312,64.00780894422081,0.6363259987886524,100.6788077965086,False,False,ranging,False,False,False,False,0.0,0.2979597254707613,False,False,0,101234
2023-02-06 17:00:00,102.44258523129018,102.73204072121942,101.77111586129269,102.44258523129018,2515,70.51821730689639,0.689103774463082,100.8027525186619,False,False,ranging,False,False,False,False,0.0,0.9609248599267346,False,False,0,101234
2023-02-06 18:00:00,102.23023772212206,102.71491256918652,101.59402767633154,102.23023772212206,7326,66.76035044627145,0.7260229941146302,100.94639474765675,False,False,ranging,False,False,False,False,0.0,1.1208848928549884,False,False,0,101234
2023-02-06 19:00:00,102.03446194511477,102.40476660667875,101.85240239175762,102.03446194511477,8088,62.36592052995331,0.7232841781708755,101.04929808377464,False,False,ranging,False,False,False,False,0.0,0.552364214921127,False,False,0,101234
2023-02-06 20:00:00,102.4521262959424,102.62986557368828,102.31482032012634,102.4521262959424,6586,59.19093029557537,0.699575430076632,101.137167083972,False,False,ranging,False,False,False,False,0.0,0.3150452535619337,False,False,0,101234
2023-02-06 21:00:00,102.72488289179293,102.7328046188806,101.90063143897535,102.72488289179293,3917,62.39449854427571,0.7216661054516911,101.25092968777157,False,False,ranging,False,False,False,False,0.0,0.8321731799052543,False,False,0,101234
2023-02-06 22:00:00,103.46356582208735,103.54761416973322,103.31364676924186,103.46356582208735,6731,71.56508736308383,0.7478015603845104,101.40938046928459,False,False,ranging,False,False,False,False,0.0,0.2339674004913661,False,False,0,101234
2023-02-06 23:00:00,103.69713709621773,103.94001815219423,103.5392627392625,103.69713709621773,8686,81.01035937903042,0.6977027413359705,101.57379250668963,False,False,ranging,False,False,False,False,0.0,0.4007554129317299,False,False,0,101234
2023-02-07 00:00:00,103.55342025990291,103.68063857324213,103.13691892644037,103.55342025990291,2167,83.55375858561173,0.7043070866647868,101.72432956647918,False,False,ranging,False,False,False,False,0.0,0.5437196468017618,False,False,0,101234
2023-02-07 01:00:00,103.78968219217982,103.9318339963011,103.67417564866597,103.78968219217982,9302,84.56080084312057,0.7025930461434322,101.87350883742913,False,False,ranging,False,False,False,False,0.0,0.25765834763512885,False,False,0,101234
2023-02-07 02:00:00,104.23316362441298,104.23749930567647,104.1182669289907,104.23316362441298,6109,83.65643439276639,0.6533993907757564,102.00465808921538,False,False,ranging,False,False,False,False,0.0,0.11923237668575837,False,False,0,101234
2023-02-07 03:00:00,104.56135649689193,104.72524177129304,104.51897935486569,104.56135649689193,5327,88.37777140220179,0.6536909418349504,102.15575592917551,False,False,ranging,False,False,False,False,0.0,0.2062624164273501,False,False,0,101234
2023-02-07 04:00:00,104.76426610933486,104.76619279027814,104.12509616539269,104.76426610933486,6810,88.64574207713655,0.6806906701079092,102.33296519464852,False,False,ranging,False,False,False,False,0.0,0.6410966248854493,False,False,0,101234
2023-02-07 05:00:00,105.19093598517051,105.32185175232848,104.960473820181,105.19093598517051,4655,89.66235574965529,0.6781832677385822,102.55909433847361,False,False,ranging,False,False,False,False,0.0,0.3613779321474908,False,False,0,101234
2023-02-07 06:00:00,105.65865422134878,105.69153716252653,105.5940352697119,105.65865422134878,4793,89.64754106206726,0.6627177568834343,102.82322799490646,False,False,ranging,False,False,False,False,0.0,0.09750189281463406,False,False,0,101234
2023-02-07 07:00:00,106.21151781776379,106.23802670552539,106.05903722586142,106.21151781776379,7738,88.67465687140273,0.6112280443047139,103.11566737061753,False,False,ranging,False,False,False,False,0.0,0.1789894796639686,False,False,0,101234
2023-02-07 08:00:00,106.47100177279965,106.5820050817643,105.29313046086875,106.47100177279965,2577,93.09939197741153,0.6232273105933247,103.38518978681002,False,False,ranging,False,False,False,False,0.0,1.288874620895541,False,False,0,101234
2023-02-07 09:00:00,106.4041545406729,106.48179335947303,105.77892065882332,106.4041545406729,3220,95.60484350800844,0.6339779167167947,103.66172206737693,False,False,ranging,False,False,False,False,0.0,0.7028727006497064,False,False,0,101234
2023-02-07 10:00:00,106.46284001524623,106.94243416639765,105.9454310203179,106.46284001524623,2030,95.24883614365396,0.6626635965386691,103.93671286263971,False,False,ranging,False,False,False,False,0.0,0.9970031460797486,False,False,0,101234
2023-02-07 11:00:00,106.94544360184958,107.11371943623195,106.85920934602947,106.94544360184958,7691,95.46363241085423,0.6497140423301307,104.2361622951541,False,False,ranging,False,False,False,False,0.0,0.25451009020247284,False,False,0,101234
2023-02-07 12:00:00,106.61866933345468,106.70731342886343,106.53247066213378,106.61866933345468,4992,87.29630587573065,0.6204455895998099,104.49550514877981,False,False,ranging,False,False,False,False,0.0,0.17484276672965393,False,False,0,101234
2023-02-07 13:00:00,106.76613865700384,106.97522497835706,106.75248498341347,106.76613865700384,1913,87.03233440357565,0.6118815406566317,104.71168282006549,False,False,ranging,False,False,False,False,0.0,0.22273999494359487,False,False,0,101234
2023-02-07 14:00:00,106.6088031320729,106.7089489789997,106.48153223205348,106.6088031320729,7358,86.74722937410385,0.5921949874547029,104.93061109056302,False,False,ranging,False,False,False,False,0.0,0.2274167469462185,False,False,0,101234
2023-02-07 15:00:00,106.62030106124682,106.97223845252282,106.44935118277519,106.62030106124682,3181,85.98976698568902,0.6025145255510915,105.15990304636964,False,False,ranging,False,False,False,False,0.0,0.5228872697476277,False,False,0,101234
2023-02-07 16:00:00,107.13168180628973,107.24257446394917,107.03282918561783,107.13168180628973,4197,86.22756258841936,0.6149756890657849,105.393880821887,False,False,ranging,False,False,False,False,0.0,0.20974527833134005,False,False,0,101234
2023-02-07 17:00:00,107.2081214334977,107.24031207669897,106.75296932449619,107.2081214334977,7040,85.30263521394731,0.6146374465888361,105.61804274897224,False,False,ranging,False,False,False,False,0.0,0.48734275220277823,False,False,0,101234
2023-02-07 18:00:00,107.22669605276016,107.36101113050324,107.00152230250363,107.22669605276016,2462,84.54254060974607,0.5945226039541335,105.80619926050588,False,False,ranging,False,False,False,False,0.0,0.3594888279996127,False,False,0,101234
2023-02-07 19:00:00,106.68275359636819,107.15401644198873,106.5578952749026,106.68275359636819,8037,70.26036091555166,0.6024665421586997,105.95548008551339,False,False,ranging,False,False,False,False,0.0,0.5961211670861246,False,False,0,101234
2023-02-07 20:00:00,106.98125502277908,107.31928526345202,106.64223422106697,106.98125502277908,5994,68.82759494754333,0.6150701039464873,106.12687182365721,False,False,ranging,False,False,False,False,0.0,0.6770510423850453,False,False,0,101234
2023-02-07 21:00:00,107.23944869523551,107.59762619715522,107.10444483783677,107.23944869523551,6308,65.97292078910012,0.6177128675321687,106.29936014880998,False,False,ranging,False,False,False,False,0.0,0.49318135931845575,False,False,0,101234
2023-02-07 22:00:00,108.10475058455769,108.1476335129868,107.72760581949892,108.10475058455769,7221,71.36430492969282,0.5905207387361509,106.49293949681723,False,False,ranging,False,False,False,False,0.0,0.4200276934878815,False,False,0,101234
2023-02-07 23:00:00,107.9816392905765,108.50139379042203,107.82103876447162,107.9816392905765,8090,70.3293976106934,0.5889123334004864,106.66395363650145,False,False,ranging,False,False,False,False,0.0,0.680355025950405,False,False,0,101234
2023-02-08 00:00:00,108.06929942164207,108.73868946549986,107.96176333617919,108.06929942164207,8769,70.54933684593007,0.5731925464891238,106.82920530211682,False,False,ranging,False,False,False,False,0.0,0.7769261293206711,False,False,0,101234
2023-02-08 01:00:00,108.16905289512637,108.36046822555859,107.94976601241173,108.16905289512637,1687,67.35155092393656,0.5560370316434913,106.97811114761461,False,False,ranging,False,False,False,False,0.0,0.4107022131468625,False,False,0,101234
2023-02-08 02:00:00,108.80003420703176,108.9502875495151,108.57265765205467,108.80003420703176,5661,78.4762818515219,0.5823414398344146,107.13518014689876,False,False,ranging,False,False,False,False,0.0,0.3776298974604231,False,False,0,101234
2023-02-08 03:00:00,108.76191599407697,109.30223331432279,108.55626367243991,108.76191599407697,2894,76.8192520418724,0.6101567253330212,107.26270005571442,False,False,ranging,False,False,False,False,0.0,0.7459696418828798,False,False,0,101234
2023-02-08 04:00:00,108.87352460438511,109.03632674430531,108.31894195439618,108.87352460438511,8389,80.81198871927691,0.6410694656872197,107.38282619729368,False,False,ranging,False,False,False,False,0.0,0.7173847899091328,False,False,0,101234
2023-02-08 05:00:00,109.11668320827172,109.35301833384419,109.06401402462195,109.11668320827172,5922,81.94979760473552,0.6379699270951805,107.51845263067362,False,False,ranging,False,False,False,False,0.0,0.28900430922223563,False,False,0,101234
2023-02-08 06:00:00,109.19132685753426,109.3775811370096,108.99073041610689,109.19132685753426,7322,79.67797685182768,0.6211540212523496,107.65487697278805,False,False,ranging,False,False,False,False,0.0,0.38685072090271433,False,False,0,101234
2023-02-08 07:00:00,109.01275341171406,109.0631965572895,108.98333314985237,109.01275341171406,4183,75.25993759198522,0.6012005180722865,107.75824246328125,False,False,ranging,False,False,False,False,0.0,0.07986340743713072,False,False,0,101234
2023-02-08 08:00:00,109.09038940887338,109.23201658218251,108.70162787431447,109.09038940887338,4797,75.6623358469041,0.6134076523486028,107.8818284670522,False,False,ranging,False,False,False,False,0.0,0.5303887078680418,False,False,0,101234
2023-02-08 09:00:00,109.51984210881729,110.11363205193003,109.30419239253467,109.51984210881729,6178,90.33743304449065,0.6387249284342522,108.01951363964285,True,False,bullish,False,False,False,False,0.0,0.8094396593953519,False,False,0,101234
2023-02-08 10:00:00,109.10923598905286,109.33360906588813,108.88573439518967,109.10923598905286,4968,79.32073257566805,0.6356575478087214,108.14453528249184,False,False,ranging,False,False,False,False,0.0,0.44787467069845377,False,False,0,101234
2023-02-08 11:00:00,109.16242385871162,109.48424676643356,109.10401466987662,109.16242385871162,3716,78.0825241215985,0.6187904708216355,108.27164142236511,False,False,ranging,False,False,False,False,0.0,0.3802320965569379,False,False,0,101234
2023-02-08 12:00:00,108.88237553273595,108.9541495919693,108.8631190796034,108.88237553273595,1190,63.697623038416545,0.5752990394899881,108.35917610868742,False,False,ranging,False,False,False,False,0.0,0.09103051236590431,False,False,0,101234
2023-02-08 13:00:00,109.36039418430589,109.98261898523089,109.33286843897137,109.36039418430589,2335,71.58725116407855,0.6052910699574545,108.46678974622782,False,False,ranging,False,False,False,False,0.0,0.6497505462595115,False,False,0,101234
2023-02-08 14:00:00,108.75111942239238,109.0269347998683,108.67544730346438,108.75111942239238,9181,59.17642894843941,0.5987211236375144,108.54301091470943,False,False,ranging,False,False,False,False,0.0,0.3514874964039194,False,False,0,101234
2023-02-08 15:00:00,108.52755068348374,109.28663694030763,108.49268197054715,108.52755068348374,1378,54.66930548240777,0.6260963205384869,108.63525076906521,False,False,ranging,False,False,False,False,0.0,0.7939549697604775,False,False,0,101234
2023-02-08 16:00:00,108.67843543350955,108.76423670007358,108.61402147855839,108.67843543350955,4829,48.18983741573019,0.5871999892671381,108.72010978960172,False,False,ranging,False,False,False,False,0.0,0.15021522151519662,False,False,0,101234
2023-02-08 17:00:00,109.30464504520329,109.63493293570286,108.83120962793463,109.30464504520329,7380,56.87543292121829,0.6022376935750263,108.82336960710013,False,False,ranging,False,False,False,False,0.0,0.8037233077682373,False,False,0,101234
2023-02-08 18:00:00,109.27834494077409,109.86584917704027,108.98271003508953,109.27834494077409,1615,55.241663826185295,0.6140772901494275,108.88204932491094,False,False,ranging,False,False,False,False,0.0,0.8831391419507497,False,False,0,101234
2023-02-08 19:00:00,109.0562651300968,109.42513000843253,108.79551875234773,109.0562651300968,3330,49.213405527402344,0.6247999706226933,108.93578061688694,False,False,ranging,False,False,False,False,0.0,0.6296112560848002,False,False,0,101234
2023-02-08 20:00:00,109.80872795787305,109.95773772484401,109.67206610006589,109.80872795787305,2754,56.83222221478657,0.6615586758972997,109.0227520436985,False,False,ranging,False,False,False,False,0.0,0.2856716247781179,False,False,0,101234
2023-02-08 21:00:00,109.22952239770655,109.36911553474056,108.96275014923805,109.22952239770655,1463,52.203413436350324,0.7071289688225215,109.07577551882753,False,False,ranging,False,False,False,False,0.0,0.4063653855025109,False,False,0,101234
2023-02-08 22:00:00,108.35000001505851,108.38178452134976,108.06340984758718,108.35000001505851,5267,43.52899490693893,0.752537814697616,109.05327380922886,False,False,ranging,False,False,False,False,0.0,0.3183746737625768,False,False,0,101234
2023-02-08 23:00:00,108.52600579507984,109.31930879918495,108.2631917573209,108.52600579507984,4158,40.911211869755086,0.7548859860410023,109.04147829927902,False,False,ranging,False,False,False,False,0.0,1.0561170418640558,False,False,0,101234
2023-02-09 00:00:00,108.32518410533879,108.77607520385733,107.88338290261349,108.32518410533879,4624,42.54362022630117,0.7733563137278756,109.01406127432668,False,False,ranging,False,False,False,False,0.0,0.8926923012438408,False,False,0,101234
2023-02-09 01:00:00,107.9166909784865,107.99281287693488,107.73549679069573,107.9166909784865,5938,38.9029401840005,0.7883174007340271,108.95406166283742,False,False,ranging,False,False,False,False,0.0,0.25731608623914326,False,False,0,101234
2023-02-09 02:00:00,108.20003355740624,108.34034150893588,108.13116896079814,108.20003355740624,6417,43.925223953185565,0.797199240115538,108.904496997831,False,False,ranging,False,False,False,False,0.0,0.20917254813774377,False,False,0,101234
2023-02-09 03:00:00,108.29755384291472,108.62328974039653,107.8057085941571,108.29755384291472,7004,39.8500490526662,0.777009075383002,108.86873701939105,False,False,ranging,False,False,False,False,0.0,0.8175811462394336,False,False,0,101234
2023-02-09 04:00:00,108.07192239062003,108.1013173366613,107.95418105880177,108.07192239062003,9881,43.00092523989386,0.7526109256166771,108.81781366847838,False,False,ranging,False,False,False,False,0.0,0.14713627785953065,False,False,0,101234
2023-02-09 05:00:00,107.55980063115167,107.65221579300291,107.26082947797784,107.55980063115167,6603,40.587190906805645,0.7538350643939425,108.7198115945951,False,False,ranging,False,False,False,False,0.0,0.3913863150250734,False,False,0,101234
2023-02-09 06:00:00,107.90878356246373,108.02627813269027,107.76883494869527,107.90878356246373,3212,42.79176686042719,0.7702487418902818,108.65978897326565,False,False,ranging,False,False,False,False,0.0,0.2574431839949938,False,False,0,101234
2023-02-09 07:00:00,108.1688640336472,108.24960211602072,107.97672009508695,108.1688640336472,7120,38.57953897343862,0.7262716741305449,108.61011098201243,False,False,ranging,False,False,False,False,0.0,0.27288202093377834,False,False,0,101234
2023-02-09 08:00:00,108.12919368813544,108.23215137078466,108.0720427563361,108.12919368813544,6818,38.47608453290004,0.6746266364518172,108.5724518897824,False,False,ranging,False,False,False,False,0.0,0.16010861444856062,False,False,0,101234
2023-02-09 09:00:00,108.86784848655451,109.05432005351132,108.77063137808804,108.86784848655451,1382,48.287904624986325,0.6957348585440367,108.54782460489483,False,False,ranging,False,False,False,False,0.0,0.2836886754232779,False,False,0,101234
2023-02-09 10:00:00,108.43981458002405,108.55069768083713,108.09550716307935,108.43981458002405,3256,36.78166898586817,0.6865111963103193,108.53225936277643,False,False,ranging,False,False,False,False,0.0,0.4551905177577851,False,False,0,101234
2023-02-09 11:00:00,107.82960451165415,107.94273462982481,107.80404167676399,107.82960451165415,2412,36.56274452639232,0.6714965602121096,108.49736205418495,False,False,ranging,False,False,False,False,0.0,0.13869295306082563,False,False,0,101234
2023-02-09 12:00:00,107.55284128370165,107.56162012780715,106.65550049243144,107.55284128370165,7146,41.347142820882084,0.672067379433777,108.44108234669454,False,True,bearish,False,False,False,False,0.0,0.9061196353757026,False,False,0,101234
2023-02-09 13:00:00,107.53460687715945,107.8724219523911,107.47853802971085,107.53460687715945,1371,38.857083143423935,0.6247650137777906,108.35258043829235,False,False,ranging,False,False,False,False,0.0,0.39388392268024575,False,False,0,101234
2023-02-09 14:00:00,107.63194265688853,107.64736077396508,107.14280068377398,107.63194265688853,6806,42.02267594531654,0.59704128441688,108.27026032409807,False,False,ranging,False,False,False,False,0.0,0.5045600901910916,False,False,0,101234
2023-02-09 15:00:00,107.535448233746,108.06735797420806,107.17364987878194,107.535448233746,6565,45.2735492260582,0.618757054472813,108.19421947928053,False,False,ranging,False,False,False,False,0.0,0.8937080954261205,False,False,0,101234
2023-02-09 16:00:00,107.67627039235171,108.05484684256591,107.44304818652236,107.67627039235171,9802,43.26878776332967,0.6321962063009678,108.08759660100445,False,False,ranging,False,False,False,False,0.0,0.6117986560435469,False,False,0,101234
2023-02-09 17:00:00,107.17565462267554,107.44737431293433,107.03565332808571,107.17565462267554,9307,36.9353716694409,0.6195559147314366,107.9849032122529,False,False,ranging,False,False,False,False,0.0,0.4117209848486141,False,False,0,101234
2023-02-09 18:00:00,107.75316046430484,107.94929036589949,107.29685859615702,107.75316046430484,8437,46.5691513297384,0.6502889832393645,107.95506123471523,False,False,ranging,False,False,False,False,0.0,0.6524317697424635,False,False,0,101234
2023-02-09 19:00:00,107.72029999294782,107.89899838116087,107.43562503670036,107.72029999294782,1446,51.92617821006418,0.6254518712263868,107.91477594460862,False,False,ranging,False,False,False,False,0.0,0.46337334446050704,False,False,0,101234
2023-02-09 20:00:00,108.16721832558306,108.57954975353431,107.6430093662084,108.16721832558306,2391,53.030284262481786,0.6590277916397663,107.90687765562086,False,False,ranging,False,False,False,False,0.0,0.9365403873259055,False,False,0,101234
2023-02-09 21:00:00,108.30430846413415,108.94501072832776,108.02465099485603,108.30430846413415,2340,51.63532447429839,0.700423590205104,107.92625852990322,False,False,ranging,False,False,False,False,0.0,0.9203597334717273,False,False,0,101234
2023-02-09 22:00:00,108.48700975179567,109.42833431189366,108.41604316562999,108.48700975179567,3939,54.175956676640276,0.7692748211558863,107.94060733962269,False,False,ranging,False,False,False,False,0.0,1.0122911462636779,False,False,0,101234
2023-02-09 23:00:00,108.71491666388854,109.03173370660836,108.37423061973367,108.71491666388854,6969,47.97360384884252,0.7501588726915165,107.9614754806714,False,False,ranging,False,False,False,False,0.0,0.6575030868746978,False,False,0,101234
2023-02-10 00:00:00,108.89400008789548,108.96097176213422,108.56211203417199,108.89400008789548,5813,56.44318434413025,0.7234816158691645,108.00257936553514,False,False,ranging,False,False,False,False,0.0,0.39885972796223257,False,False,0,101234
2023-02-10 01:00:00,109.1510891918425,109.16755739202739,108.9037349433842,109.1510891918425,4569,70.83426584717067,0.6976090730742968,108.08214379356971,False,False,ranging,False,False,False,False,0.0,0.2638224486431966,False,False,0,101234
2023-02-10 02:00:00,109.68275020389548,109.76841642635277,109.50017328692357,109.68275020389548,6454,81.08159050401972,0.6578393027376939,108.1708421256413,False,False,ranging,False,False,False,False,0.0,0.2682431394292024,False,False,0,101234
2023-02-10 03:00:00,109.76135867177607,109.91769540028987,109.60266535935686,109.76135867177607,4150,81.9321448157886,0.6522068826128914,108.2504668575477,False,False,ranging,False,False,False,False,0.0,0.31503004093301,False,False,0,101234
2023-02-10 04:00:00,110.04496017481146,110.23852485059648,109.72799288198338,110.04496017481146,7414,82.84841484639205,0.65263344535732,108.34625518188155,False,False,ranging,False,False,False,False,0.0,0.510531968613094,False,False,0,101234
2023-02-10 05:00:00,110.00906589709658,110.1757472368976,109.64214097696798,110.00906589709658,5657,84.23826186987954,0.6269118856789991,108.40331605240863,False,False,ranging,False,False,False,False,0.0,0.533606259929627,False,False,0,101234
2023-02-10 06:00:00,110.58511278327637,110.61198698765294,110.50745646316543,110.58511278327637,7947,85.93307515911471,0.626277773858486,108.51058096257125,False,False,ranging,False,False,False,False,0.0,0.10453052448751521,False,False,0,101234
2023-02-10 07:00:00,110.31455586245266,110.37375738854486,110.2088043719456,110.31455586245266,8943,91.11173581666928,0.6073985843631127,108.63482853011116,False,False,ranging,False,False,False,False,0.0,0.16495301659925588,False,False,0,101234
2023-02-10 08:00:00,111.03493203561699,111.08031402071305,110.86382662569288,111.03493203561699,4662,91.43237789382252,0.606835899722858,108.80893306770695,False,False,ranging,False,False,False,False,0.0,0.21648739502016667,False,False,0,101234
2023-02-10 09:00:00,111.01886885535926,111.07734133946506,110.4726878651947,111.01886885535926,5482,91.82182337365361,0.6169273375664192,108.98314616661693,False,False,ranging,False,False,False,False,0.0,0.6046534742703642,False,False,0,101234
2023-02-10 10:00:00,110.44655881451204,110.78668984357216,110.36554160699461,110.44655881451204,5797,78.00868108848414,0.5966978276406151,109.1238769744981,False,False,ranging,False,False,False,False,0.0,0.42114823657755096,False,False,0,101234
2023-02-10 11:00:00,110.49780058047637,110.67586759716062,109.92412408785043,110.49780058047637,6068,77.53470365192818,0.5846538116290765,109.27199459183461,False,False,ranging,False,False,False,False,0.0,0.7517435093101881,False,False,0,101234
2023-02-10 12:00:00,110.2253799174864,111.10749650788568,110.20478970366077,110.2253799174864,6480,71.34090079737597,0.5688453085194628,109.39945006809137,True,False,bullish,False,False,False,False,0.0,0.9027068042249198,False,False,0,101234
2023-02-10 13:00:00,110.56163733708189,110.75840757004082,110.15114282543205,110.56163733708189,9033,72.083563165561,0.5652568555004679,109.56874920381169,False,False,ranging,False,False,False,False,0.0,0.60726474460877,False,False,0,101234
2023-02-10 14:00:00,110.30058774536093,110.35900860377656,109.70440494559169,110.30058774536093,1983,66.49694178107413,0.59799776003818,109.69612056786448,False,False,ranging,False,False,False,False,0.0,0.6546036581848682,False,False,0,101234
2023-02-10 15:00:00,110.12211437207502,110.12772699900879,109.8487055554226,110.12211437207502,6607,61.60247295116278,0.6107352518814955,109.81621128682085,False,False,ranging,False,False,False,False,0.0,0.2790214435861884,False,False,0,101234
2023-02-10 16:00:00,109.3662980796968,109.48285361562347,109.33457194231536,109.3662980796968,9543,46.41106294552327,0.6228934801135944,109.87616527452653,False,False,ranging,False,False,False,False,0.0,0.14828167330810516,False,False,0,101234
2023-02-10 17:00:00,109.18537555199717,109.52260936799297,108.80626354870077,109.18537555199717,2907,43.61583672498597,0.6515588928535365,109.92021862891968,False,False,ranging,False,False,False,False,0.0,0.7163458192922008,False,False,0,101234
2023-02-10 18:00:00,108.21582382134558,108.50008175998244,107.96192902810586,108.21582382134558,7924,32.401932885386046,0.7024813610876949,109.90665933239718,False,False,ranging,False,False,False,False,0.0,0.5381527318765791,False,False,0,101234
2023-02-10 19:00:00,107.58226269195129,107.81412599229837,107.41921887835026,107.58226269195129,9737,29.05995900959674,0.7212669813066727,109.8500266338003,False,False,ranging,False,False,False,False,0.0,0.39490711394810774,False,False,0,101234
2023-02-10 20:00:00,107.88642855440901,108.00854424054637,107.8264854242934,107.88642855440901,5174,25.567642184439705,0.7086498711665813,109.799648057126,False,False,ranging,False,False,False,False,0.0,0.18205881625297593,False,False,0,101234
2023-02-10 21:00:00,108.20074861786934,108.49224563823172,108.12154259346923,108.20074861786934,8265,31.01324060712585,0.7250433477731489,109.75213102842733,False,False,ranging,False,False,False,False,0.0,0.37070304476249305,False,False,0,101234
2023-02-10 22:00:00,108.37093164258333,108.78481709202,107.98922559255129,108.37093164258333,2990,23.44675436759171,0.727174300716601,109.68654010036173,False,False,ranging,False,False,False,False,0.0,0.7955914994687134,False,False,0,101234
2023-02-10 23:00:00,107.98414118533164,108.17215635270863,107.7643935544977,107.98414118533164,6596,21.833194273639535,0.72730891598912,109.5976792260395,False,False,ranging,False,False,False,False,0.0,0.40776279821092487,False,False,0,101234
2023-02-11 00:00:00,107.96505664287484,108.22377468458967,107.87843954402733,107.96505664287484,4998,24.331970333983364,0.7053094797175267,109.49368404944266,False,False,ranging,False,False,False,False,0.0,0.3453351405623408,False,False,0,101234
2023-02-11 01:00:00,107.96361562723861,108.24955314085143,107.46714939637012,107.96361562723861,4775,23.514161932933973,0.7074994965154643,109.39141153594979,False,False,ranging,False,False,False,False,0.0,0.7824037444813143,False,False,0,101234
2023-02-11 02:00:00,107.50026975156159,107.65419537759078,107.21225586297776,107.50026975156159,5645,22.61175392453532,0.6966889936608881,109.23716938436402,False,False,ranging,False,False,False,False,0.0,0.4419395146130256,False,False,0,101234
2023-02-11 03:00:00,108.10162907226845,108.31915780832286,108.06481639218974,108.10162907226845,3061,26.52692900575785,0.7118049445289236,109.12652304485485,False,False,ranging,False,False,False,False,0.0,0.25434141613311567,False,False,0,101234
2023-02-11 04:00:00,108.45257398849871,108.6074274746332,108.42456227621572,108.45257398849871,5487,32.66390637927172,0.6867025167342484,108.9974051424989,False,False,ranging,False,False,False,False,0.0,0.18286519841747406,False,False,0,101234
2023-02-11 05:00:00,108.36418831896685,108.55663279753374,108.02512720156467,108.36418831896685,5435,33.22548805165809,0.6923899028793008,108.86467111567929,False,False,ranging,False,False,False,False,0.0,0.5315055959690653,False,False,0,101234
2023-02-11 06:00:00,108.37494265456466,108.50451941796685,107.65143965189114,108.37494265456466,3644,38.97222217237575,0.6970711411875905,108.76109030768194,False,False,ranging,False,False,False,False,0.0,0.8530797660757088,False,False,0,101234
2023-02-11 07:00:00,108.45829577774369,108.698418635312,108.00337756116761,108.45829577774369,2045,41.73254589429931,0.6955493736770322,108.6591150675453,False,False,ranging,False,False,False,False,0.0,0.6950410741443847,False,False,0,101234
2023-02-11 08:00:00,107.64160183037397,107.86788922931804,107.46096633425623,107.64160183037397,8951,43.23550734470946,0.6793981536481856,108.52992616318969,False,False,ranging,False,False,False,False,0.0,0.4069228950618111,False,False,0,101234
2023-02-11 09:00:00,107.54273087736573,107.89940488880812,107.52111981898061,107.54273087736573,7449,49.467182143611744,0.6495181627076282,108.37898084020385,False,False,ranging,False,False,False,False,0.0,0.37828506982751264,False,False,0,101234
2023-02-11 10:00:00,107.26993717816661,107.48242833232693,107.20627448719627,107.26993717816661,3681,41.619934942805564,0.6431020799629407,108.22744831184416,False,False,ranging,False,False,False,False,0.0,0.2761538451306649,False,False,0,101234
2023-02-11 11:00:00,106.86928917420865,106.97472363647113,106.58371363620198,106.86928917420865,4199,32.316286531570384,0.6488453984016493,108.06480705195084,False,False,ranging,False,False,False,False,0.0,0.3910100002691479,False,False,0,101234
2023-02-11 12:00:00,106.75684905705427,107.07789412854919,106.73360490149861,106.75684905705427,7768,28.228708853655988,0.6166095218003542,107.93433460081869,False,False,ranging,False,False,False,False,0.0,0.34428922705058085,False,False,0,101234
2023-02-11 13:00:00,107.47592366779408,107.4838800455688,107.39859790575126,107.47592366779408,8440,43.708918110750616,0.6252161575452756,107.84886200660856,False,False,ranging,False,False,False,False,0.0,0.08528213981753652,False,False,0,101234
2023-02-11 14:00:00,107.73226081230088,107.9968232076692,107.35973263965639,107.73226081230088,9633,47.278160317627616,0.6460558309345947,107.82468385615633,False,False,ranging,False,False,False,False,0.0,0.6370905680128089,False,False,0,101234
2023-02-11 15:00:00,107.50378921638776,107.55270930557089,107.4035362912143,107.50378921638776,3550,44.89475812428187,0.6136501721206855,107.82076018237815,False,False,ranging,False,False,False,False,0.0,0.1491730143565917,False,False,0,101234
